status,duration,credit_history,purpose,amount,savings,employment_duration,installment_rate,personal_status_sex,other_debtors,present_residence,property,age,other_installment_plans,housing,number_credits,job,people_liable,telephone,foreign_worker,credit_risk
1.0,18,4.0,2.0,1049,1.0,2.0,4.0,2.0,1.0,4.0,2.0,21,3.0,1.0,1,3.0,2,1.0,2.0,1
1.0,9,4.0,0.0,2799,1.0,3.0,2.0,3.0,1.0,2.0,1.0,36,3.0,1.0,2,3.0,1,1.0,2.0,1
2.0,12,2.0,9.0,841,2.0,4.0,2.0,2.0,1.0,4.0,1.0,23,3.0,1.0,1,2.0,2,1.0,2.0,1
1.0,12,4.0,0.0,2122,1.0,3.0,3.0,3.0,1.0,2.0,1.0,39,3.0,1.0,2,2.0,1,1.0,1.0,1
1.0,12,4.0,0.0,2171,1.0,3.0,4.0,3.0,1.0,4.0,2.0,38,1.0,2.0,2,2.0,0,1.0,1.0,1
1.0,10,4.0,0.0,2241,1.0,2.0,1.0,3.0,1.0,3.0,1.0,48,3.0,1.0,2,2.0,1,1.0,1.0,1
1.0,8,4.0,0.0,3398,1.0,4.0,1.0,3.0,1.0,4.0,1.0,39,3.0,2.0,2,2.0,2,1.0,1.0,1
1.0,6,4.0,0.0,1361,1.0,2.0,2.0,3.0,1.0,4.0,4.0,40,3.0,2.0,0,2.0,1,1.0,1.0,1
4.0,18,4.0,3.0,1098,1.0,1.0,4.0,2.0,1.0,4.0,3.0,65,3.0,2.0,2,1.0,2,1.0,2.0,1
2.0,24,2.0,3.0,3758,3.0,1.0,1.0,2.0,1.0,4.0,4.0,23,3.0,1.0,1,1.0,2,1.0,2.0,1
1.0,11,4.0,0.0,3905,1.0,3.0,2.0,3.0,1.0,2.0,1.0,36,3.0,1.0,2,3.0,1,1.0,2.0,1
1.0,30,4.0,1.0,6187,2.0,4.0,1.0,4.0,1.0,4.0,3.0,24,3.0,1.0,2,3.0,2,1.0,2.0,1
1.0,6,4.0,3.0,1957,1.0,4.0,1.0,2.0,1.0,4.0,3.0,31,3.0,2.0,1,3.0,2,1.0,2.0,1
2.0,48,3.0,10.0,7582,2.0,1.0,2.0,3.0,1.0,4.0,4.0,31,3.0,2.0,1,4.0,2,2.0,2.0,1
1.0,18,2.0,3.0,1936,5.0,4.0,2.0,4.0,1.0,4.0,3.0,23,3.0,1.0,2,2.0,2,1.0,2.0,1
1.0,6,2.0,3.0,2647,3.0,3.0,2.0,3.0,1.0,3.0,1.0,44,3.0,1.0,1,3.0,1,1.0,2.0,1
1.0,11,4.0,0.0,3939,1.0,3.0,1.0,3.0,1.0,2.0,1.0,40,3.0,2.0,2,3.0,1,1.0,2.0,1
2.0,18,2.0,3.0,3213,3.0,2.0,1.0,4.0,1.0,3.0,1.0,25,3.0,1.0,1,3.0,2,1.0,2.0,1
2.0,36,4.0,3.0,2337,1.0,5.0,4.0,3.0,1.0,4.0,1.0,36,3.0,2.0,1,4.0,2,1.0,2.0,1
4.0,11,4.0,0.0,7228,1.0,3.0,1.0,3.0,1.0,4.0,2.0,39,3.0,2.0,2,2.0,2,1.0,2.0,1
1.0,6,4.0,0.0,3676,1.0,3.0,1.0,3.0,1.0,3.0,1.0,37,3.0,1.0,3,3.0,1,1.0,2.0,1
2.0,12,4.0,0.0,3124,1.0,2.0,1.0,3.0,1.0,3.0,1.0,49,1.0,2.0,2,2.0,1,1.0,2.0,1
2.0,36,2.0,5.0,2384,1.0,2.0,4.0,3.0,1.0,1.0,4.0,33,3.0,1.0,1,2.0,2,1.0,2.0,0
2.0,12,4.0,4.0,1424,1.0,4.0,4.0,3.0,1.0,3.0,2.0,26,3.0,2.0,1,3.0,2,1.0,2.0,1
1.0,6,4.0,0.0,4716,5.0,2.0,1.0,3.0,1.0,3.0,1.0,44,3.0,2.0,2,2.0,1,1.0,2.0,1
2.0,11,3.0,3.0,4771,1.0,4.0,2.0,3.0,1.0,4.0,2.0,51,3.0,2.0,1,3.0,2,1.0,2.0,1
1.0,12,2.0,2.0,652,1.0,5.0,4.0,2.0,1.0,4.0,2.0,24,3.0,1.0,1,3.0,2,1.0,2.0,1
2.0,9,4.0,3.0,1154,1.0,5.0,2.0,3.0,1.0,4.0,1.0,37,3.0,2.0,3,2.0,2,1.0,2.0,1
4.0,15,2.0,0.0,3556,5.0,3.0,3.0,3.0,1.0,2.0,4.0,29,3.0,2.0,1,3.0,2,1.0,2.0,1
3.0,42,4.0,1.0,4796,1.0,5.0,4.0,3.0,1.0,4.0,4.0,56,3.0,3.0,1,3.0,2,1.0,2.0,1
3.0,30,4.0,3.0,3017,1.0,5.0,4.0,3.0,1.0,4.0,2.0,47,3.0,2.0,1,3.0,2,1.0,2.0,1
4.0,36,4.0,0.0,3535,1.0,4.0,4.0,3.0,1.0,4.0,3.0,37,3.0,2.0,2,3.0,2,2.0,2.0,1
4.0,36,4.0,0.0,6614,1.0,5.0,4.0,3.0,1.0,4.0,3.0,34,3.0,2.0,2,4.0,2,2.0,2.0,1
4.0,24,2.0,3.0,1376,3.0,4.0,4.0,2.0,1.0,1.0,3.0,28,3.0,2.0,1,3.0,2,1.0,2.0,1
1.0,15,2.0,0.0,1721,1.0,2.0,2.0,3.0,1.0,3.0,1.0,36,3.0,2.0,1,3.0,2,1.0,2.0,1
1.0,6,4.0,0.0,860,1.0,5.0,1.0,2.0,1.0,4.0,4.0,39,3.0,2.0,2,3.0,0,2.0,2.0,1
4.0,12,4.0,0.0,1495,1.0,5.0,4.0,3.0,1.0,1.0,1.0,38,3.0,2.0,2,2.0,1,1.0,2.0,1
4.0,12,4.0,3.0,1934,1.0,5.0,2.0,3.0,1.0,2.0,4.0,26,3.0,2.0,2,3.0,2,1.0,2.0,1
4.0,18,2.0,1.0,3378,5.0,3.0,2.0,3.0,1.0,1.0,3.0,31,3.0,2.0,1,3.0,2,2.0,2.0,1
4.0,24,4.0,1.0,3868,1.0,5.0,4.0,2.0,1.0,2.0,3.0,41,3.0,1.0,2,4.0,2,2.0,2.0,1
4.0,12,4.0,5.0,996,5.0,4.0,4.0,2.0,1.0,4.0,1.0,23,3.0,2.0,2,3.0,2,1.0,2.0,1
1.0,24,2.0,10.0,1755,1.0,5.0,4.0,2.0,3.0,4.0,1.0,58,3.0,2.0,1,2.0,2,2.0,2.0,1
4.0,18,4.0,0.0,1028,1.0,3.0,4.0,3.0,1.0,3.0,1.0,36,3.0,2.0,2,3.0,2,1.0,2.0,1
2.0,24,4.0,9.0,2825,5.0,4.0,4.0,3.0,1.0,3.0,4.0,34,3.0,2.0,2,3.0,1,2.0,2.0,1
2.0,18,2.0,6.0,1239,5.0,3.0,4.0,3.0,1.0,4.0,4.0,33,3.0,3.0,1,3.0,2,1.0,2.0,1
1.0,18,2.0,0.0,1216,1.0,2.0,4.0,2.0,1.0,3.0,3.0,23,3.0,1.0,1,3.0,2,2.0,2.0,0
4.0,24,2.0,9.0,1258,1.0,4.0,4.0,3.0,1.0,1.0,1.0,25,3.0,2.0,1,3.0,2,2.0,2.0,1
4.0,18,4.0,6.0,1864,2.0,3.0,4.0,2.0,1.0,2.0,1.0,30,3.0,2.0,2,3.0,2,1.0,2.0,0
4.0,24,2.0,0.0,1474,2.0,2.0,4.0,4.0,1.0,3.0,1.0,33,3.0,2.0,1,3.0,2,2.0,2.0,1
1.0,24,4.0,9.0,1382,2.0,4.0,4.0,3.0,1.0,1.0,1.0,26,3.0,2.0,2,3.0,2,2.0,2.0,1
4.0,12,2.0,0.0,640,1.0,3.0,4.0,1.0,1.0,2.0,1.0,49,3.0,3.0,1,2.0,2,1.0,2.0,1
3.0,36,2.0,3.0,3919,1.0,3.0,2.0,3.0,1.0,2.0,1.0,23,3.0,2.0,1,3.0,2,2.0,2.0,1
4.0,9,4.0,0.0,1224,1.0,3.0,3.0,3.0,1.0,1.0,1.0,30,3.0,2.0,2,3.0,2,1.0,2.0,1
4.0,12,4.0,3.0,2331,5.0,5.0,1.0,3.0,3.0,4.0,1.0,49,3.0,2.0,1,3.0,2,2.0,2.0,1
4.0,24,2.0,1.0,6313,5.0,5.0,3.0,3.0,1.0,4.0,3.0,41,3.0,2.0,685,4.0,1,2.0,2.0,1
1.0,12,4.0,3.0,409,1.0,4.0,4.0,2.0,1.0,3.0,1.0,58,3.0,2.0,4,2.0,2,2.0,2.0,1
4.0,12,4.0,3.0,1655,1.0,5.0,2.0,3.0,3.0,4.0,1.0,63,3.0,2.0,2,2.0,2,2.0,2.0,1
1.0,15,2.0,3.0,1053,1.0,2.0,4.0,4.0,1.0,2.0,1.0,27,3.0,2.0,1,3.0,2,1.0,1.0,1
4.0,21,2.0,3.0,3160,5.0,5.0,4.0,3.0,1.0,3.0,2.0,41,3.0,2.0,1,3.0,2,2.0,2.0,1
4.0,36,2.0,0.0,3079,5.0,3.0,4.0,3.0,1.0,4.0,1.0,36,3.0,2.0,1,3.0,2,1.0,2.0,1
4.0,12,4.0,0.0,1163,3.0,3.0,4.0,3.0,1.0,4.0,1.0,44,3.0,2.0,1,3.0,2,2.0,2.0,1
4.0,24,2.0,1.0,2679,1.0,2.0,4.0,2.0,1.0,1.0,4.0,29,3.0,2.0,0,4.0,2,2.0,2.0,1
4.0,48,4.0,3.0,3578,5.0,5.0,4.0,3.0,3.0,1.0,1.0,47,3.0,2.0,1,3.0,2,2.0,2.0,1
4.0,36,3.0,0.0,10875,1.0,5.0,2.0,3.0,1.0,2.0,3.0,45,3.0,2.0,2,3.0,1,2.0,2.0,1
1.0,12,3.0,0.0,1344,1.0,3.0,4.0,3.0,1.0,2.0,1.0,43,3.0,2.0,2,2.0,1,1.0,2.0,1
4.0,6,4.0,3.0,1237,2.0,3.0,1.0,2.0,1.0,1.0,2.0,27,3.0,2.0,2,3.0,2,1.0,2.0,1
4.0,12,2.0,3.0,3077,1.0,3.0,2.0,3.0,1.0,4.0,3.0,52,3.0,2.0,1,3.0,2,2.0,2.0,1
4.0,24,2.0,3.0,2284,1.0,4.0,4.0,4.0,1.0,2.0,3.0,28,3.0,2.0,1,3.0,2,2.0,2.0,1
2.0,12,2.0,3.0,1567,1.0,3.0,1.0,2.0,1.0,1.0,3.0,22,3.0,2.0,1,3.0,2,2.0,2.0,1
4.0,24,3.0,3.0,2032,1.0,5.0,4.0,3.0,1.0,4.0,4.0,60,3.0,3.0,2,3.0,2,2.0,2.0,1
2.0,21,4.0,2.0,2745,4.0,4.0,3.0,3.0,1.0,2.0,3.0,32,3.0,2.0,2,3.0,2,2.0,2.0,1
4.0,30,2.0,3.0,1867,5.0,5.0,4.0,3.0,1.0,4.0,3.0,58,3.0,2.0,1,3.0,2,2.0,2.0,1
4.0,36,2.0,3.0,2299,3.0,5.0,4.0,3.0,1.0,4.0,3.0,39,3.0,2.0,1,3.0,2,1.0,2.0,1
4.0,24,4.0,2.0,929,5.0,4.0,4.0,3.0,1.0,2.0,3.0,31,2.0,2.0,1,3.0,2,2.0,2.0,1
3.0,12,2.0,3.0,3399,5.0,5.0,2.0,3.0,1.0,3.0,3.0,37,3.0,2.0,1,4.0,2,1.0,2.0,1
2.0,9,2.0,2.0,2030,5.0,4.0,2.0,3.0,1.0,1.0,3.0,24,3.0,2.0,1,3.0,2,2.0,2.0,1
4.0,21,4.0,1.0,3275,1.0,5.0,1.0,3.0,1.0,4.0,3.0,36,3.0,2.0,1,4.0,2,2.0,2.0,1
4.0,24,4.0,0.0,1940,4.0,5.0,4.0,3.0,1.0,4.0,1.0,60,3.0,2.0,1,3.0,2,2.0,2.0,1
1.0,21,4.0,0.0,1602,1.0,5.0,4.0,4.0,1.0,3.0,3.0,30,3.0,2.0,2,3.0,2,2.0,2.0,1
4.0,15,2.0,3.0,1979,5.0,5.0,4.0,3.0,1.0,2.0,3.0,35,3.0,2.0,1,3.0,2,1.0,2.0,1
4.0,18,4.0,0.0,2022,1.0,3.0,4.0,2.0,1.0,4.0,3.0,37,3.0,2.0,1,3.0,2,2.0,2.0,1
4.0,36,4.0,3.0,3342,5.0,5.0,4.0,3.0,1.0,2.0,3.0,51,3.0,2.0,1,3.0,2,2.0,2.0,1
2.0,18,2.0,0.0,5866,2.0,3.0,2.0,3.0,1.0,2.0,3.0,30,3.0,2.0,2,3.0,2,2.0,2.0,1
3.0,15,4.0,1.0,2360,3.0,3.0,2.0,3.0,1.0,2.0,3.0,36,3.0,2.0,1,3.0,2,2.0,2.0,1
4.0,15,4.0,2.0,1520,5.0,5.0,4.0,3.0,1.0,4.0,2.0,63,3.0,2.0,1,3.0,2,1.0,2.0,1
1.0,12,2.0,0.0,3651,4.0,3.0,1.0,3.0,1.0,3.0,2.0,31,3.0,2.0,1,3.0,1,1.0,2.0,1
4.0,24,2.0,1.0,2346,1.0,4.0,4.0,3.0,1.0,3.0,3.0,35,3.0,3.0,2,3.0,2,2.0,2.0,1
4.0,36,3.0,3.0,4454,1.0,3.0,4.0,2.0,1.0,4.0,1.0,34,3.0,2.0,2,3.0,2,1.0,2.0,1
1.0,6,4.0,0.0,666,4.0,4.0,3.0,2.0,1.0,4.0,1.0,39,3.0,2.0,2,2.0,2,2.0,2.0,1
4.0,24,3.0,0.0,1965,5.0,3.0,4.0,2.0,1.0,4.0,3.0,42,3.0,1.0,2,3.0,2,2.0,2.0,1
2.0,12,4.0,0.0,1995,2.0,2.0,4.0,3.0,1.0,1.0,3.0,27,3.0,2.0,1,3.0,0,1.0,2.0,1
2.0,30,2.0,3.0,2991,5.0,5.0,2.0,2.0,1.0,4.0,3.0,25,3.0,2.0,1,3.0,2,1.0,2.0,1
1.0,9,2.0,3.0,1364,1.0,4.0,3.0,3.0,1.0,4.0,1.0,59,3.0,2.0,1,3.0,2,1.0,2.0,1
2.0,18,4.0,2.0,6361,1.0,5.0,2.0,3.0,1.0,1.0,4.0,41,3.0,2.0,1,3.0,2,2.0,2.0,1
4.0,27,4.0,2.0,4526,4.0,2.0,4.0,3.0,3.0,2.0,1.0,32,2.0,2.0,2,2.0,1,2.0,2.0,1
2.0,12,4.0,3.0,4104,1.0,3.0,1.0,2.0,1.0,1.0,1.0,23,3.0,2.0,1,2.0,2,1.0,2.0,1
2.0,36,3.0,9.0,4455,1.0,3.0,2.0,1.0,1.0,2.0,1.0,30,2.0,2.0,2,4.0,2,2.0,2.0,0
1.0,9,2.0,2.0,2136,1.0,3.0,3.0,3.0,1.0,2.0,1.0,25,3.0,2.0,0,3.0,2,1.0,2.0,1
2.0,42,4.0,9.0,5954,1.0,4.0,4.0,2.0,1.0,1.0,1.0,41,1.0,2.0,2,2.0,2,1.0,2.0,1
4.0,24,4.0,2.0,3777,4.0,3.0,4.0,3.0,1.0,4.0,1.0,40,3.0,2.0,1,3.0,2,2.0,2.0,1
1.0,15,2.0,9.0,806,1.0,5.0,4.0,2.0,1.0,4.0,2.0,22,3.0,2.0,1,2.0,2,1.0,2.0,1
2.0,24,3.0,9.0,4712,5.0,3.0,4.0,3.0,1.0,2.0,2.0,34,1.0,2.0,2,4.0,2,2.0,2.0,1
2.0,36,3.0,0.0,7432,1.0,3.0,2.0,2.0,1.0,2.0,2.0,54,3.0,1.0,1,3.0,762,1.0,2.0,1
4.0,24,4.0,3.0,1851,1.0,4.0,4.0,4.0,3.0,2.0,3.0,33,3.0,2.0,2,3.0,2,2.0,2.0,1
4.0,24,2.0,0.0,1393,1.0,3.0,2.0,3.0,3.0,2.0,1.0,31,3.0,2.0,1,3.0,2,2.0,2.0,1
4.0,12,4.0,9.0,1412,1.0,3.0,4.0,2.0,3.0,2.0,1.0,29,3.0,2.0,2,4.0,2,2.0,2.0,1
4.0,18,2.0,3.0,1473,1.0,2.0,3.0,4.0,1.0,4.0,1.0,39,3.0,2.0,1,3.0,2,2.0,2.0,1
4.0,12,4.0,6.0,2012,5.0,4.0,4.0,2.0,1.0,2.0,3.0,61,3.0,2.0,1,3.0,2,1.0,2.0,1
1.0,15,2.0,0.0,3959,1.0,3.0,3.0,2.0,1.0,2.0,2.0,29,3.0,2.0,1,3.0,2,2.0,2.0,0
1.0,6,2.0,2.0,428,1.0,5.0,2.0,2.0,1.0,1.0,2.0,49,1.0,2.0,1,3.0,2,2.0,2.0,1
2.0,12,2.0,0.0,2366,3.0,4.0,3.0,1.0,1.0,3.0,3.0,36,3.0,2.0,1,4.0,2,2.0,2.0,1
4.0,12,2.0,2.0,763,1.0,3.0,4.0,2.0,1.0,1.0,1.0,26,3.0,2.0,1,3.0,2,2.0,2.0,1
2.0,21,2.0,2.0,3976,5.0,4.0,2.0,3.0,1.0,3.0,3.0,35,3.0,2.0,1,3.0,2,2.0,2.0,1
2.0,18,2.0,0.0,6260,1.0,4.0,3.0,3.0,1.0,4.0,1.0,28,3.0,1.0,1,2.0,2,1.0,2.0,1
2.0,9,4.0,2.0,1919,1.0,4.0,4.0,3.0,1.0,3.0,3.0,35,3.0,1.0,1,3.0,0,2.0,2.0,1
4.0,24,2.0,10.0,2603,4.0,3.0,2.0,2.0,1.0,4.0,3.0,28,3.0,1.0,1,3.0,2,2.0,2.0,1
4.0,9,4.0,6.0,936,3.0,5.0,4.0,3.0,1.0,2.0,3.0,52,3.0,2.0,2,3.0,2,2.0,2.0,1
4.0,24,2.0,2.0,3062,3.0,5.0,4.0,3.0,1.0,3.0,4.0,32,3.0,1.0,1,3.0,2,2.0,2.0,1
2.0,36,2.0,3.0,2325,1.0,2.0,4.0,2.0,1.0,1.0,4.0,30,3.0,2.0,1,4.0,2,2.0,2.0,1
4.0,36,4.0,1.0,5842,1.0,5.0,2.0,3.0,1.0,2.0,2.0,35,3.0,3.0,2,3.0,1,2.0,2.0,1
2.0,6,2.0,3.0,2063,1.0,2.0,4.0,4.0,1.0,3.0,3.0,30,3.0,1.0,1,4.0,2,2.0,2.0,1
4.0,15,4.0,3.0,1459,1.0,3.0,4.0,2.0,1.0,2.0,3.0,43,3.0,2.0,1,3.0,2,1.0,2.0,1
4.0,15,2.0,3.0,1213,3.0,5.0,4.0,3.0,1.0,3.0,2.0,47,2.0,2.0,1,3.0,2,2.0,2.0,1
4.0,24,4.0,3.0,5103,1.0,2.0,3.0,4.0,1.0,3.0,4.0,47,3.0,3.0,3,3.0,2,2.0,2.0,1
4.0,15,2.0,4.0,874,5.0,2.0,4.0,2.0,1.0,1.0,1.0,24,3.0,2.0,1,3.0,2,1.0,2.0,1
4.0,6,2.0,2.0,2978,3.0,3.0,1.0,3.0,1.0,2.0,3.0,32,3.0,2.0,1,3.0,2,2.0,2.0,1
4.0,18,2.0,0.0,1820,1.0,3.0,4.0,4.0,1.0,2.0,2.0,30,3.0,2.0,1,4.0,2,2.0,2.0,1
4.0,24,4.0,3.0,2872,2.0,5.0,3.0,3.0,1.0,4.0,1.0,36,3.0,2.0,1,3.0,1,2.0,2.0,1
3.0,24,2.0,2.0,1925,1.0,3.0,2.0,3.0,1.0,2.0,1.0,26,3.0,2.0,1,3.0,2,1.0,2.0,1
4.0,18,2.0,2.0,2515,1.0,3.0,3.0,3.0,1.0,4.0,1.0,43,3.0,2.0,1,3.0,2,2.0,2.0,1
3.0,6,2.0,2.0,2116,1.0,3.0,2.0,3.0,1.0,2.0,1.0,33,3.0,2.0,1,3.0,2,2.0,2.0,1
4.0,18,2.0,3.0,1453,1.0,2.0,3.0,2.0,1.0,1.0,1.0,26,3.0,2.0,1,3.0,2,1.0,2.0,1
4.0,10,2.0,10.0,1364,1.0,3.0,2.0,2.0,1.0,4.0,3.0,64,3.0,2.0,1,3.0,2,2.0,2.0,1
4.0,6,2.0,2.0,1543,4.0,3.0,4.0,1.0,1.0,2.0,1.0,33,3.0,2.0,1,3.0,2,1.0,2.0,1
2.0,12,2.0,0.0,1318,4.0,5.0,4.0,3.0,1.0,4.0,1.0,54,3.0,2.0,1,3.0,2,2.0,2.0,1
1.0,24,4.0,0.0,2325,2.0,4.0,2.0,3.0,1.0,3.0,3.0,32,1.0,2.0,1,3.0,2,1.0,2.0,1
2.0,6,4.0,8.0,932,5.0,4.0,1.0,2.0,1.0,3.0,2.0,39,3.0,2.0,2,2.0,2,1.0,2.0,1
3.0,24,4.0,3.0,3148,5.0,3.0,3.0,3.0,1.0,2.0,3.0,31,3.0,2.0,2,3.0,2,2.0,2.0,1
4.0,36,2.0,3.0,3835,5.0,5.0,2.0,2.0,1.0,4.0,1.0,45,3.0,2.0,1,2.0,2,2.0,2.0,1
4.0,9,2.0,6.0,3832,5.0,5.0,1.0,3.0,1.0,4.0,1.0,64,3.0,2.0,1,2.0,2,1.0,2.0,1
2.0,24,2.0,10.0,5084,1.0,5.0,4.0,2.0,1.0,4.0,3.0,42,3.0,2.0,1,3.0,2,2.0,2.0,1
4.0,9,4.0,2.0,2406,1.0,1.0,2.0,3.0,1.0,3.0,3.0,33,3.0,2.0,1,4.0,2,1.0,2.0,1
4.0,36,2.0,3.0,2394,5.0,3.0,4.0,2.0,1.0,4.0,3.0,25,3.0,2.0,1,3.0,2,1.0,2.0,1
4.0,21,2.0,1.0,2476,5.0,5.0,4.0,3.0,1.0,4.0,1.0,46,3.0,2.0,1,4.0,2,2.0,2.0,1
1.0,24,2.0,1.0,2964,5.0,5.0,4.0,3.0,1.0,4.0,4.0,49,1.0,3.0,1,4.0,1,2.0,2.0,1
1.0,12,2.0,2.0,1262,5.0,5.0,2.0,1.0,1.0,4.0,2.0,49,3.0,2.0,1,2.0,2,2.0,2.0,1
4.0,12,2.0,9.0,1542,1.0,4.0,2.0,3.0,1.0,4.0,3.0,36,3.0,2.0,1,3.0,2,2.0,2.0,1
2.0,24,4.0,3.0,1743,1.0,5.0,4.0,3.0,1.0,2.0,2.0,48,3.0,3.0,2,2.0,2,1.0,2.0,1
3.0,12,1.0,3.0,409,4.0,3.0,3.0,2.0,1.0,3.0,1.0,42,3.0,1.0,0,3.0,2,1.0,2.0,1
4.0,12,2.0,3.0,2171,1.0,2.0,2.0,2.0,1.0,2.0,3.0,29,1.0,2.0,1,3.0,2,1.0,2.0,1
4.0,48,4.0,1.0,8858,5.0,4.0,2.0,3.0,1.0,1.0,4.0,35,3.0,3.0,2,3.0,2,2.0,2.0,1
2.0,24,2.0,0.0,3512,2.0,4.0,2.0,3.0,1.0,3.0,3.0,38,1.0,2.0,2,3.0,2,2.0,2.0,1
2.0,12,2.0,3.0,1158,3.0,3.0,3.0,1.0,1.0,1.0,3.0,26,3.0,2.0,1,3.0,2,2.0,2.0,1
4.0,24,4.0,3.0,2684,1.0,3.0,4.0,3.0,1.0,2.0,1.0,35,3.0,2.0,2,2.0,2,1.0,2.0,1
1.0,12,2.0,10.0,1498,1.0,3.0,4.0,2.0,1.0,1.0,3.0,33,1.0,2.0,1,3.0,2,1.0,2.0,1
4.0,30,4.0,3.0,5954,1.0,4.0,3.0,3.0,2.0,2.0,3.0,38,3.0,2.0,1,3.0,2,1.0,2.0,1
2.0,48,1.0,9.0,6416,1.0,5.0,4.0,2.0,1.0,3.0,4.0,59,3.0,1.0,1,3.0,2,1.0,2.0,0
2.0,12,4.0,2.0,3617,1.0,5.0,1.0,3.0,1.0,4.0,3.0,28,3.0,1.0,3,3.0,2,2.0,2.0,1
4.0,12,4.0,3.0,1291,1.0,3.0,4.0,2.0,1.0,2.0,2.0,35,3.0,2.0,2,3.0,2,1.0,2.0,1
3.0,24,4.0,9.0,1275,4.0,3.0,2.0,1.0,1.0,4.0,1.0,36,3.0,2.0,2,3.0,2,2.0,2.0,1
4.0,24,2.0,2.0,3972,1.0,4.0,2.0,2.0,1.0,4.0,2.0,25,3.0,1.0,1,3.0,2,2.0,2.0,1
4.0,15,4.0,2.0,3343,1.0,3.0,4.0,3.0,1.0,2.0,4.0,28,3.0,3.0,1,3.0,0,2.0,2.0,1
3.0,15,2.0,3.0,409,1.0,2.0,4.0,2.0,1.0,4.0,2.0,23,3.0,1.0,1,3.0,2,2.0,2.0,1
4.0,9,4.0,3.0,2134,1.0,3.0,4.0,3.0,1.0,4.0,3.0,48,3.0,2.0,3,3.0,2,2.0,2.0,1
4.0,30,4.0,3.0,5771,1.0,4.0,4.0,2.0,1.0,2.0,3.0,25,3.0,2.0,2,3.0,2,1.0,2.0,1
4.0,24,4.0,9.0,4526,1.0,3.0,3.0,3.0,1.0,2.0,1.0,74,3.0,2.0,1,4.0,2,2.0,2.0,1
4.0,15,4.0,2.0,2788,1.0,4.0,4.0,2.0,2.0,3.0,3.0,24,3.0,2.0,2,4.0,2,1.0,2.0,1
3.0,36,2.0,3.0,5848,1.0,3.0,4.0,3.0,1.0,1.0,3.0,24,3.0,2.0,1,3.0,2,1.0,2.0,1
1.0,12,2.0,0.0,1228,1.0,3.0,4.0,2.0,1.0,2.0,1.0,24,3.0,2.0,1,2.0,2,1.0,2.0,0
3.0,12,2.0,3.0,1297,1.0,3.0,3.0,4.0,1.0,4.0,1.0,23,3.0,1.0,1,3.0,2,1.0,2.0,1
4.0,24,2.0,3.0,1552,1.0,4.0,3.0,3.0,1.0,1.0,3.0,32,1.0,2.0,1,3.0,1,1.0,2.0,1
4.0,12,2.0,3.0,1963,1.0,4.0,4.0,3.0,1.0,2.0,3.0,31,3.0,1.0,2,4.0,1,2.0,2.0,1
4.0,24,2.0,3.0,3235,3.0,5.0,3.0,1.0,1.0,2.0,3.0,36,3.0,2.0,1,4.0,2,2.0,2.0,1
4.0,24,4.0,9.0,4139,2.0,3.0,3.0,3.0,1.0,3.0,2.0,27,3.0,2.0,2,2.0,2,2.0,2.0,1
2.0,12,4.0,1.0,1804,2.0,2.0,3.0,3.0,1.0,4.0,2.0,44,3.0,2.0,1,3.0,2,1.0,2.0,1
4.0,18,2.0,9.0,1950,1.0,4.0,4.0,4.0,1.0,1.0,3.0,34,2.0,2.0,2,3.0,2,2.0,2.0,1
4.0,48,3.0,3.0,12749,3.0,4.0,4.0,3.0,1.0,1.0,3.0,37,3.0,2.0,1,4.0,2,2.0,2.0,1
4.0,9,2.0,4.0,1236,1.0,2.0,1.0,2.0,1.0,4.0,1.0,23,3.0,3.0,1,3.0,2,2.0,2.0,1
4.0,18,4.0,0.0,1055,1.0,2.0,4.0,2.0,1.0,1.0,2.0,30,3.0,2.0,2,3.0,2,1.0,2.0,1
1.0,30,0.0,9.0,8072,5.0,2.0,2.0,3.0,1.0,3.0,3.0,25,1.0,2.0,3,3.0,2,1.0,2.0,1
4.0,30,4.0,3.0,2831,1.0,3.0,4.0,2.0,1.0,2.0,3.0,33,3.0,2.0,1,3.0,2,2.0,2.0,1
4.0,9,2.0,9.0,1449,1.0,4.0,3.0,2.0,1.0,2.0,3.0,27,3.0,2.0,2,3.0,2,1.0,2.0,1
4.0,12,2.0,0.0,2390,5.0,5.0,4.0,3.0,1.0,3.0,3.0,50,3.0,2.0,1,3.0,987,2.0,2.0,1
4.0,24,2.0,3.0,3430,3.0,5.0,3.0,3.0,1.0,2.0,3.0,31,3.0,2.0,1,3.0,1,2.0,2.0,1
2.0,36,2.0,6.0,2273,1.0,4.0,3.0,3.0,1.0,1.0,3.0,32,3.0,2.0,2,3.0,1,1.0,2.0,1
3.0,21,2.0,0.0,2923,2.0,3.0,1.0,2.0,1.0,1.0,3.0,28,1.0,2.0,1,4.0,2,2.0,2.0,1
4.0,24,2.0,3.0,1901,2.0,3.0,4.0,3.0,1.0,4.0,3.0,29,3.0,1.0,1,4.0,2,2.0,2.0,1
2.0,36,2.0,3.0,3711,5.0,3.0,2.0,4.0,1.0,2.0,3.0,27,3.0,2.0,1,3.0,2,1.0,2.0,1
2.0,48,2.0,0.0,8487,5.0,4.0,1.0,2.0,1.0,2.0,3.0,24,3.0,2.0,0,3.0,2,1.0,2.0,1
4.0,24,2.0,0.0,2255,5.0,2.0,4.0,3.0,1.0,1.0,2.0,54,3.0,2.0,1,3.0,2,1.0,2.0,1
4.0,12,2.0,3.0,1262,1.0,3.0,3.0,3.0,1.0,2.0,3.0,25,3.0,2.0,1,3.0,2,1.0,2.0,1
4.0,33,4.0,1.0,7253,1.0,4.0,3.0,3.0,1.0,2.0,3.0,35,3.0,2.0,2,4.0,2,2.0,2.0,1
4.0,6,4.0,0.0,6761,1.0,4.0,1.0,3.0,1.0,3.0,4.0,45,3.0,2.0,231,4.0,1,2.0,2.0,1
4.0,18,4.0,2.0,1817,1.0,3.0,4.0,2.0,1.0,2.0,4.0,28,3.0,2.0,2,3.0,2,1.0,2.0,1
4.0,12,2.0,3.0,2141,2.0,4.0,3.0,3.0,1.0,1.0,4.0,33,3.0,2.0,34,3.0,2,1.0,2.0,1
4.0,48,1.0,9.0,3609,1.0,3.0,1.0,2.0,1.0,1.0,1.0,27,2.0,2.0,1,3.0,2,1.0,2.0,1
4.0,30,2.0,3.0,2333,3.0,5.0,4.0,3.0,1.0,2.0,3.0,30,1.0,2.0,1,4.0,2,1.0,2.0,1
4.0,28,1.0,1.0,7824,5.0,2.0,3.0,3.0,3.0,4.0,1.0,40,1.0,1.0,2,3.0,1,2.0,2.0,1
3.0,18,1.0,3.0,1445,5.0,4.0,4.0,3.0,1.0,4.0,3.0,49,1.0,2.0,1,2.0,2,1.0,2.0,1
1.0,24,2.0,2.0,7721,5.0,2.0,1.0,2.0,1.0,2.0,2.0,30,3.0,2.0,1,3.0,2,2.0,1.0,1
1.0,21,2.0,0.0,3763,5.0,4.0,2.0,3.0,2.0,2.0,1.0,24,3.0,2.0,1,2.0,2,1.0,1.0,1
2.0,18,2.0,9.0,4439,1.0,5.0,1.0,3.0,2.0,1.0,1.0,33,1.0,2.0,1,4.0,2,2.0,2.0,1
1.0,12,2.0,3.0,1107,1.0,3.0,2.0,3.0,1.0,2.0,1.0,20,3.0,1.0,45,4.0,94,2.0,2.0,1
2.0,15,2.0,3.0,1444,5.0,2.0,4.0,3.0,1.0,1.0,2.0,23,3.0,2.0,1,3.0,2,1.0,2.0,1
2.0,48,1.0,0.0,12169,5.0,1.0,4.0,3.0,2.0,4.0,4.0,36,3.0,3.0,1,4.0,2,2.0,2.0,1
4.0,9,2.0,3.0,2753,2.0,5.0,3.0,3.0,2.0,4.0,3.0,35,3.0,2.0,1,3.0,2,2.0,2.0,1
3.0,6,2.0,0.0,1494,5.0,2.0,1.0,3.0,1.0,2.0,1.0,29,3.0,2.0,1,2.0,1,1.0,1.0,1
1.0,24,1.0,2.0,2828,3.0,3.0,4.0,3.0,1.0,4.0,1.0,22,2.0,2.0,1,3.0,2,2.0,2.0,1
1.0,24,1.0,2.0,2483,3.0,3.0,4.0,3.0,1.0,4.0,1.0,22,2.0,2.0,1,3.0,2,2.0,2.0,1
3.0,6,4.0,0.0,1299,1.0,3.0,1.0,3.0,1.0,1.0,1.0,74,3.0,2.0,3,1.0,1,1.0,1.0,1
2.0,9,2.0,0.0,1549,5.0,2.0,4.0,3.0,1.0,2.0,1.0,35,3.0,2.0,1,1.0,2,1.0,2.0,1
3.0,10,2.0,0.0,3949,1.0,2.0,1.0,3.0,3.0,1.0,2.0,37,3.0,2.0,1,2.0,1,1.0,2.0,1
4.0,10,2.0,1.0,2901,5.0,2.0,1.0,2.0,1.0,4.0,1.0,31,3.0,1.0,1,3.0,2,1.0,2.0,1
3.0,6,2.0,0.0,709,4.0,2.0,2.0,4.0,1.0,2.0,1.0,27,3.0,2.0,1,1.0,2,1.0,1.0,1
4.0,10,2.0,0.0,1287,5.0,5.0,4.0,3.0,2.0,2.0,2.0,45,3.0,2.0,1,2.0,2,1.0,1.0,1
1.0,18,1.0,3.0,1940,1.0,2.0,3.0,3.0,2.0,4.0,4.0,36,1.0,3.0,1,4.0,2,2.0,2.0,1
3.0,30,4.0,3.0,3656,5.0,5.0,4.0,3.0,1.0,4.0,2.0,49,2.0,2.0,2,2.0,2,1.0,2.0,1
4.0,24,3.0,1.0,4679,1.0,4.0,3.0,3.0,1.0,3.0,3.0,35,3.0,2.0,2,2.0,2,2.0,2.0,1
4.0,27,3.0,1.0,8613,4.0,3.0,2.0,3.0,1.0,2.0,3.0,27,3.0,2.0,2,3.0,2,1.0,2.0,1
1.0,18,2.0,2.0,2659,4.0,3.0,4.0,3.0,1.0,2.0,3.0,28,3.0,2.0,1,3.0,2,1.0,2.0,1
4.0,24,4.0,3.0,1516,4.0,3.0,4.0,2.0,1.0,1.0,1.0,43,3.0,2.0,2,2.0,2,1.0,2.0,1
1.0,18,2.0,0.0,4380,2.0,3.0,3.0,3.0,1.0,4.0,3.0,35,3.0,2.0,1,2.0,1,2.0,2.0,1
4.0,14,3.0,0.0,802,1.0,3.0,4.0,3.0,1.0,2.0,3.0,27,3.0,2.0,2,2.0,2,1.0,2.0,1
4.0,21,2.0,9.0,1572,4.0,5.0,4.0,2.0,1.0,4.0,1.0,36,1.0,2.0,1,2.0,2,1.0,2.0,1
2.0,48,1.0,9.0,3566,2.0,4.0,4.0,3.0,1.0,2.0,3.0,30,3.0,2.0,1,3.0,2,1.0,2.0,1
4.0,24,2.0,3.0,1278,1.0,5.0,4.0,3.0,1.0,1.0,1.0,36,3.0,2.0,1,4.0,2,2.0,2.0,1
4.0,6,0.0,3.0,426,1.0,5.0,4.0,4.0,1.0,4.0,3.0,39,3.0,2.0,1,2.0,2,1.0,2.0,1
4.0,39,2.0,1.0,8588,2.0,5.0,4.0,3.0,1.0,2.0,3.0,45,3.0,2.0,1,4.0,2,2.0,2.0,1
1.0,30,2.0,1.0,3857,1.0,3.0,4.0,1.0,1.0,4.0,2.0,40,3.0,2.0,1,4.0,2,2.0,2.0,1
2.0,12,2.0,0.0,685,1.0,4.0,2.0,4.0,1.0,3.0,3.0,25,1.0,2.0,1,2.0,2,1.0,2.0,0
4.0,24,2.0,3.0,1603,1.0,5.0,4.0,2.0,1.0,4.0,3.0,55,3.0,2.0,1,3.0,2,1.0,2.0,1
4.0,21,2.0,2.0,2241,1.0,5.0,4.0,3.0,1.0,2.0,1.0,50,3.0,2.0,2,3.0,2,1.0,2.0,1
1.0,60,2.0,3.0,2384,1.0,5.0,4.0,3.0,1.0,4.0,1.0,64,1.0,1.0,1,2.0,2,1.0,2.0,1
4.0,6,2.0,2.0,601,1.0,2.0,1.0,2.0,1.0,3.0,1.0,23,3.0,1.0,1,2.0,1,1.0,2.0,1
4.0,39,2.0,1.0,2569,3.0,3.0,4.0,3.0,1.0,4.0,3.0,24,3.0,2.0,1,3.0,2,1.0,2.0,1
4.0,60,4.0,0.0,10366,1.0,5.0,2.0,3.0,1.0,4.0,2.0,42,3.0,2.0,1,4.0,20,1.0,2.0,1
4.0,18,2.0,9.0,1568,2.0,3.0,3.0,2.0,1.0,4.0,2.0,24,3.0,1.0,1,2.0,2,1.0,2.0,1
4.0,18,4.0,3.0,629,3.0,3.0,4.0,3.0,1.0,3.0,2.0,32,1.0,2.0,2,4.0,2,2.0,2.0,1
4.0,6,1.0,3.0,1750,3.0,5.0,2.0,3.0,1.0,4.0,4.0,45,3.0,2.0,1,2.0,1,1.0,2.0,1
4.0,24,2.0,1.0,3488,2.0,4.0,3.0,2.0,1.0,4.0,3.0,23,3.0,2.0,1,3.0,2,1.0,2.0,1
4.0,24,3.0,2.0,4151,2.0,3.0,2.0,3.0,1.0,3.0,2.0,35,3.0,2.0,2,3.0,2,1.0,2.0,1
2.0,15,2.0,5.0,2631,2.0,3.0,3.0,2.0,1.0,2.0,1.0,25,3.0,2.0,1,2.0,2,1.0,2.0,1
4.0,21,2.0,1.0,5248,5.0,3.0,1.0,3.0,1.0,3.0,3.0,26,3.0,2.0,1,3.0,2,1.0,2.0,1
2.0,18,3.0,0.0,2899,5.0,3.0,4.0,3.0,1.0,4.0,3.0,43,3.0,2.0,1,3.0,1,1.0,2.0,1
2.0,18,3.0,5.0,6204,1.0,3.0,2.0,3.0,1.0,4.0,1.0,44,3.0,2.0,1,2.0,1,2.0,2.0,1
4.0,12,2.0,3.0,804,1.0,5.0,4.0,3.0,1.0,4.0,3.0,38,3.0,2.0,1,3.0,2,1.0,2.0,1
4.0,36,2.0,3.0,3595,1.0,5.0,4.0,3.0,1.0,2.0,3.0,28,3.0,2.0,0,3.0,2,1.0,2.0,1
4.0,36,4.0,1.0,5711,5.0,5.0,4.0,3.0,1.0,2.0,3.0,38,3.0,2.0,2,4.0,2,2.0,2.0,1
3.0,15,2.0,9.0,2687,1.0,4.0,2.0,3.0,1.0,4.0,2.0,26,3.0,1.0,92,3.0,2,2.0,2.0,1
1.0,15,3.0,2.0,3643,1.0,5.0,1.0,2.0,1.0,4.0,2.0,27,3.0,2.0,2,2.0,2,1.0,2.0,1
4.0,10,4.0,2.0,2146,1.0,2.0,1.0,2.0,1.0,3.0,1.0,23,3.0,1.0,2,3.0,2,1.0,2.0,1
1.0,10,2.0,3.0,2315,1.0,5.0,3.0,3.0,1.0,4.0,1.0,52,3.0,2.0,1,2.0,2,1.0,2.0,1
4.0,6,2.0,9.0,3448,1.0,4.0,1.0,3.0,1.0,4.0,3.0,74,3.0,2.0,1,2.0,2,1.0,2.0,1
4.0,15,2.0,2.0,2708,1.0,2.0,2.0,3.0,1.0,3.0,2.0,27,1.0,2.0,2,2.0,2,1.0,2.0,1
4.0,11,4.0,0.0,1393,1.0,2.0,4.0,2.0,1.0,4.0,3.0,35,3.0,2.0,2,4.0,2,1.0,2.0,1
3.0,10,2.0,2.0,1275,1.0,2.0,4.0,2.0,1.0,2.0,2.0,23,3.0,2.0,1,3.0,2,1.0,2.0,1
4.0,9,2.0,2.0,1313,1.0,5.0,1.0,3.0,1.0,4.0,3.0,20,3.0,2.0,1,3.0,2,1.0,2.0,1
4.0,12,2.0,3.0,1493,1.0,2.0,4.0,2.0,1.0,3.0,3.0,34,3.0,2.0,1,3.0,1,1.0,2.0,1
4.0,22,2.0,3.0,2675,3.0,5.0,3.0,3.0,1.0,4.0,3.0,40,3.0,2.0,1,3.0,2,1.0,2.0,1
2.0,9,2.0,3.0,2118,1.0,3.0,2.0,3.0,1.0,2.0,1.0,37,3.0,2.0,1,2.0,1,1.0,2.0,1
4.0,36,2.0,0.0,909,3.0,5.0,4.0,3.0,1.0,4.0,2.0,36,3.0,2.0,1,3.0,2,1.0,2.0,1
4.0,12,4.0,2.0,1258,1.0,2.0,2.0,2.0,1.0,4.0,2.0,22,3.0,1.0,2,3.0,2,1.0,2.0,1
4.0,15,1.0,3.0,1569,2.0,5.0,4.0,3.0,1.0,4.0,3.0,34,1.0,2.0,1,2.0,1,1.0,2.0,1
4.0,6,2.0,1.0,1236,3.0,3.0,2.0,3.0,1.0,4.0,3.0,50,3.0,1.0,1,3.0,2,1.0,2.0,1
4.0,36,3.0,2.0,7678,5.0,4.0,2.0,2.0,1.0,4.0,3.0,40,3.0,2.0,2,3.0,2,2.0,2.0,1
4.0,6,2.0,5.0,660,3.0,4.0,2.0,4.0,1.0,4.0,1.0,23,3.0,1.0,1,2.0,2,1.0,2.0,1
4.0,24,2.0,2.0,2835,3.0,5.0,3.0,3.0,1.0,4.0,2.0,53,3.0,2.0,1,3.0,2,1.0,2.0,1
4.0,24,2.0,1.0,2670,1.0,5.0,4.0,3.0,1.0,4.0,3.0,35,3.0,2.0,1,4.0,30,2.0,2.0,1
4.0,12,1.0,8.0,3447,3.0,3.0,4.0,2.0,1.0,3.0,1.0,35,3.0,2.0,1,2.0,1,1.0,2.0,1
4.0,15,2.0,3.0,3568,1.0,5.0,4.0,2.0,1.0,2.0,3.0,54,1.0,1.0,1,4.0,2,2.0,2.0,1
2.0,21,4.0,9.0,3652,1.0,4.0,2.0,3.0,1.0,3.0,2.0,27,3.0,2.0,0,3.0,2,1.0,2.0,1
1.0,24,2.0,3.0,3660,1.0,3.0,2.0,2.0,1.0,4.0,3.0,28,3.0,2.0,1,3.0,2,1.0,2.0,1
3.0,9,2.0,3.0,1886,2.0,5.0,2.0,1.0,1.0,4.0,1.0,49,3.0,2.0,1,3.0,2,1.0,2.0,1
3.0,6,3.0,3.0,683,1.0,2.0,2.0,2.0,1.0,1.0,2.0,29,1.0,2.0,1,3.0,2,1.0,2.0,1
3.0,12,2.0,2.0,2251,1.0,3.0,1.0,2.0,1.0,2.0,3.0,46,3.0,2.0,1,2.0,2,1.0,2.0,1
2.0,21,3.0,0.0,2353,1.0,3.0,1.0,1.0,1.0,4.0,2.0,47,3.0,2.0,2,3.0,2,1.0,2.0,1
1.0,21,2.0,3.0,3357,4.0,2.0,4.0,2.0,1.0,2.0,3.0,29,1.0,2.0,1,3.0,2,1.0,2.0,1
4.0,6,2.0,0.0,672,1.0,1.0,1.0,2.0,1.0,4.0,1.0,54,3.0,2.0,1,1.0,2,2.0,2.0,1
1.0,6,4.0,3.0,409,3.0,5.0,4.0,3.0,1.0,4.0,3.0,52,3.0,2.0,2,3.0,2,1.0,2.0,1
4.0,9,2.0,3.0,2697,1.0,3.0,1.0,3.0,1.0,4.0,1.0,32,3.0,2.0,1,3.0,1,1.0,2.0,1
4.0,9,2.0,0.0,2507,3.0,5.0,2.0,3.0,1.0,4.0,4.0,51,3.0,3.0,1,2.0,2,1.0,2.0,1
4.0,15,3.0,3.0,1478,1.0,3.0,4.0,4.0,1.0,3.0,1.0,33,1.0,2.0,2,3.0,2,1.0,2.0,1
4.0,12,4.0,6.0,3565,5.0,5.0,2.0,3.0,1.0,1.0,2.0,37,3.0,2.0,2,2.0,1,1.0,2.0,1
4.0,15,2.0,2.0,2221,3.0,3.0,2.0,2.0,1.0,4.0,3.0,20,3.0,1.0,1,3.0,2,1.0,2.0,1
4.0,6,4.0,3.0,1898,5.0,3.0,1.0,3.0,1.0,2.0,1.0,34,3.0,2.0,2,2.0,1,1.0,2.0,1
2.0,60,4.0,9.0,1449,2.0,5.0,1.0,1.0,1.0,2.0,3.0,31,1.0,2.0,2,3.0,1,1.0,2.0,1
4.0,15,2.0,2.0,960,4.0,4.0,3.0,2.0,1.0,2.0,2.0,30,3.0,2.0,2,3.0,2,1.0,2.0,1
4.0,36,2.0,1.0,8133,1.0,3.0,1.0,2.0,3.0,2.0,2.0,30,1.0,2.0,1,3.0,2,1.0,2.0,1
4.0,9,2.0,2.0,2301,2.0,2.0,2.0,2.0,1.0,4.0,2.0,22,3.0,2.0,1,3.0,2,1.0,2.0,1
4.0,6,3.0,9.0,1743,2.0,3.0,1.0,3.0,1.0,2.0,1.0,34,3.0,2.0,2,2.0,2,1.0,2.0,1
2.0,12,2.0,2.0,983,4.0,2.0,1.0,2.0,1.0,4.0,1.0,20,3.0,1.0,1,2.0,2,1.0,2.0,1
4.0,18,3.0,3.0,2320,1.0,3.0,2.0,4.0,1.0,3.0,1.0,34,3.0,2.0,2,3.0,2,1.0,2.0,1
1.0,12,1.0,8.0,409,1.0,5.0,4.0,4.0,1.0,1.0,3.0,45,1.0,2.0,1,2.0,2,1.0,2.0,1
3.0,24,2.0,3.0,5152,1.0,4.0,4.0,3.0,1.0,2.0,3.0,25,1.0,2.0,1,3.0,2,1.0,2.0,1
3.0,24,2.0,2.0,3749,1.0,2.0,2.0,3.0,1.0,4.0,3.0,26,3.0,2.0,1,4.0,2,1.0,2.0,1
4.0,9,4.0,3.0,3074,5.0,3.0,1.0,3.0,1.0,2.0,1.0,33,3.0,2.0,2,3.0,1,1.0,2.0,1
3.0,9,2.0,3.0,745,1.0,3.0,3.0,2.0,1.0,2.0,1.0,28,3.0,2.0,1,2.0,2,1.0,2.0,0
4.0,24,2.0,0.0,1469,2.0,5.0,4.0,4.0,1.0,4.0,1.0,41,3.0,1.0,1,2.0,2,1.0,2.0,1
1.0,6,2.0,2.0,1374,1.0,3.0,1.0,3.0,1.0,2.0,1.0,36,1.0,2.0,1,2.0,2,2.0,2.0,1
1.0,21,2.0,3.0,2606,1.0,2.0,4.0,2.0,1.0,4.0,2.0,28,3.0,1.0,1,4.0,2,2.0,2.0,1
4.0,54,0.0,1.0,9436,5.0,3.0,2.0,3.0,1.0,2.0,2.0,39,3.0,2.0,1,2.0,1,1.0,2.0,1
4.0,12,4.0,3.0,930,5.0,5.0,4.0,3.0,1.0,4.0,1.0,65,3.0,2.0,4,3.0,2,1.0,2.0,1
4.0,48,4.0,1.0,2751,5.0,5.0,4.0,3.0,1.0,3.0,3.0,38,3.0,2.0,2,3.0,1,2.0,2.0,1
4.0,6,4.0,0.0,409,4.0,3.0,2.0,3.0,1.0,2.0,1.0,41,1.0,2.0,2,2.0,2,1.0,2.0,1
2.0,24,2.0,0.0,1201,1.0,2.0,4.0,3.0,1.0,1.0,2.0,26,3.0,2.0,1,3.0,2,1.0,2.0,1
1.0,6,2.0,0.0,662,1.0,2.0,3.0,3.0,1.0,4.0,1.0,41,3.0,2.0,1,2.0,1,2.0,2.0,1
4.0,15,2.0,1.0,1300,5.0,5.0,4.0,3.0,1.0,4.0,4.0,45,1.0,3.0,1,3.0,1,1.0,2.0,1
4.0,24,1.0,9.0,1559,1.0,4.0,4.0,3.0,1.0,4.0,3.0,40,1.0,2.0,1,3.0,2,2.0,2.0,1
3.0,12,2.0,3.0,3016,1.0,3.0,3.0,4.0,1.0,1.0,3.0,24,3.0,2.0,1,3.0,2,1.0,2.0,1
4.0,15,4.0,3.0,1360,1.0,3.0,4.0,3.0,1.0,2.0,2.0,31,3.0,2.0,2,3.0,0,1.0,2.0,1
4.0,6,0.0,0.0,1204,2.0,3.0,4.0,3.0,1.0,1.0,4.0,35,1.0,1.0,1,3.0,2,1.0,1.0,1
4.0,10,2.0,0.0,1597,3.0,3.0,3.0,3.0,1.0,2.0,4.0,40,3.0,1.0,1,2.0,1,1.0,1.0,1
4.0,12,2.0,3.0,2073,2.0,3.0,4.0,2.0,2.0,2.0,1.0,28,3.0,2.0,1,3.0,2,1.0,2.0,1
4.0,11,2.0,9.0,2142,4.0,5.0,1.0,1.0,1.0,2.0,1.0,28,3.0,2.0,1,3.0,2,2.0,2.0,1
1.0,10,4.0,2.0,2132,5.0,2.0,4.0,2.0,2.0,3.0,1.0,27,3.0,1.0,2,3.0,2,1.0,1.0,1
4.0,10,2.0,0.0,1546,1.0,3.0,3.0,3.0,1.0,4.0,1.0,31,3.0,2.0,1,2.0,1,1.0,1.0,1
4.0,24,4.0,0.0,1287,4.0,5.0,4.0,2.0,1.0,4.0,1.0,37,3.0,2.0,402,3.0,2,2.0,2.0,1
4.0,10,2.0,0.0,1418,2.0,3.0,3.0,3.0,1.0,2.0,1.0,35,3.0,1.0,1,2.0,2,1.0,1.0,1
4.0,6,4.0,0.0,1343,1.0,5.0,1.0,4.0,1.0,4.0,1.0,46,3.0,2.0,2,3.0,1,1.0,1.0,1
4.0,18,2.0,0.0,2662,5.0,4.0,4.0,3.0,1.0,3.0,2.0,32,3.0,2.0,1,3.0,2,1.0,1.0,1
4.0,18,4.0,3.0,6070,1.0,5.0,3.0,3.0,1.0,4.0,3.0,33,3.0,2.0,2,3.0,2,2.0,2.0,1
4.0,24,4.0,6.0,1927,5.0,3.0,3.0,2.0,1.0,2.0,3.0,33,3.0,2.0,2,3.0,2,2.0,2.0,1
4.0,18,4.0,3.0,2404,1.0,3.0,2.0,2.0,1.0,2.0,3.0,26,3.0,2.0,2,3.0,2,1.0,2.0,1
4.0,18,4.0,3.0,1554,1.0,4.0,1.0,2.0,1.0,2.0,3.0,24,3.0,1.0,2,3.0,2,2.0,2.0,1
4.0,22,2.0,0.0,1283,5.0,4.0,4.0,2.0,1.0,4.0,2.0,25,3.0,1.0,1,3.0,2,1.0,2.0,1
4.0,24,3.0,0.0,717,5.0,5.0,4.0,4.0,1.0,4.0,3.0,54,3.0,2.0,2,4.0,2,2.0,2.0,1
1.0,24,2.0,2.0,1747,1.0,2.0,4.0,3.0,2.0,1.0,2.0,24,3.0,2.0,1,2.0,2,1.0,1.0,1
1.0,9,4.0,5.0,1288,2.0,5.0,3.0,3.0,3.0,4.0,1.0,48,3.0,2.0,2,3.0,1,1.0,1.0,1
1.0,10,4.0,0.0,1038,1.0,4.0,4.0,3.0,2.0,3.0,2.0,49,3.0,2.0,2,3.0,2,2.0,2.0,1
4.0,10,2.0,1.0,2848,2.0,3.0,1.0,3.0,2.0,2.0,1.0,32,3.0,2.0,1,3.0,1,1.0,2.0,1
4.0,12,2.0,1.0,1413,4.0,4.0,3.0,3.0,1.0,2.0,2.0,55,3.0,2.0,1,3.0,2,1.0,1.0,1
4.0,30,4.0,3.0,3077,5.0,5.0,3.0,3.0,1.0,4.0,3.0,40,3.0,2.0,2,3.0,1,2.0,2.0,1
1.0,24,1.0,1.0,3632,1.0,3.0,1.0,2.0,3.0,4.0,3.0,22,1.0,1.0,1,3.0,2,1.0,1.0,1
4.0,18,4.0,1.0,3229,5.0,1.0,2.0,3.0,1.0,4.0,4.0,38,3.0,2.0,1,4.0,2,2.0,2.0,1
4.0,9,2.0,0.0,3577,2.0,3.0,1.0,3.0,3.0,2.0,1.0,26,3.0,1.0,1,3.0,1,1.0,1.0,1
4.0,12,4.0,0.0,682,2.0,4.0,4.0,2.0,1.0,3.0,3.0,51,3.0,2.0,2,3.0,2,2.0,2.0,1
4.0,10,2.0,3.0,1924,1.0,5.0,1.0,3.0,1.0,4.0,2.0,38,3.0,2.0,1,3.0,2,2.0,1.0,1
4.0,10,2.0,6.0,727,3.0,5.0,4.0,3.0,1.0,4.0,4.0,46,3.0,3.0,1,3.0,2,2.0,2.0,1
3.0,10,4.0,0.0,781,1.0,5.0,4.0,3.0,1.0,4.0,4.0,63,3.0,3.0,2,3.0,2,2.0,2.0,1
1.0,12,4.0,0.0,2121,1.0,3.0,4.0,3.0,1.0,2.0,2.0,30,3.0,2.0,2,3.0,2,1.0,2.0,1
4.0,12,4.0,3.0,701,1.0,3.0,4.0,3.0,1.0,2.0,3.0,32,3.0,2.0,2,3.0,2,1.0,2.0,1
4.0,10,4.0,2.0,2069,5.0,3.0,2.0,4.0,1.0,1.0,3.0,26,3.0,2.0,2,3.0,2,1.0,1.0,1
4.0,24,2.0,0.0,1525,4.0,4.0,4.0,2.0,1.0,3.0,3.0,34,3.0,2.0,1,3.0,1,2.0,2.0,1
4.0,48,4.0,9.0,7629,5.0,5.0,4.0,1.0,1.0,2.0,3.0,46,1.0,2.0,2,4.0,1,1.0,2.0,1
1.0,12,4.0,0.0,3499,1.0,3.0,4.0,2.0,2.0,2.0,1.0,29,3.0,2.0,2,3.0,2,1.0,2.0,0
4.0,6,2.0,3.0,1346,2.0,3.0,2.0,3.0,1.0,4.0,4.0,42,1.0,3.0,1,3.0,1,2.0,2.0,1
4.0,36,4.0,1.0,10477,5.0,5.0,2.0,3.0,1.0,4.0,4.0,42,3.0,3.0,2,3.0,2,1.0,2.0,1
1.0,24,2.0,1.0,2924,1.0,3.0,3.0,3.0,3.0,4.0,4.0,63,1.0,2.0,1,3.0,1,2.0,2.0,1
4.0,10,4.0,0.0,1231,1.0,5.0,3.0,3.0,1.0,4.0,1.0,32,3.0,2.0,2,2.0,1,1.0,1.0,1
3.0,18,2.0,0.0,1961,1.0,5.0,3.0,2.0,1.0,2.0,3.0,23,3.0,2.0,1,4.0,2,1.0,2.0,1
4.0,15,4.0,0.0,5045,5.0,5.0,1.0,2.0,1.0,4.0,3.0,59,3.0,2.0,1,3.0,2,2.0,2.0,1
4.0,12,4.0,0.0,1255,1.0,5.0,4.0,3.0,1.0,4.0,1.0,61,3.0,2.0,2,2.0,2,1.0,2.0,1
1.0,12,2.0,2.0,1858,1.0,2.0,4.0,2.0,1.0,1.0,3.0,22,3.0,1.0,1,3.0,2,1.0,2.0,1
4.0,6,4.0,2.0,1221,5.0,3.0,1.0,4.0,1.0,2.0,2.0,27,3.0,2.0,2,3.0,2,1.0,2.0,1
4.0,9,2.0,2.0,1388,1.0,3.0,4.0,2.0,1.0,2.0,1.0,26,3.0,1.0,1,3.0,2,1.0,2.0,1
4.0,12,2.0,3.0,2279,5.0,3.0,4.0,3.0,1.0,4.0,4.0,37,3.0,3.0,1,3.0,2,2.0,2.0,1
4.0,12,0.0,2.0,3263,1.0,5.0,2.0,3.0,1.0,4.0,2.0,34,3.0,2.0,2,3.0,2,1.0,2.0,1
3.0,24,2.0,3.0,1258,3.0,3.0,3.0,2.0,1.0,3.0,3.0,57,3.0,2.0,1,2.0,2,1.0,2.0,1
2.0,12,0.0,8.0,1410,1.0,3.0,2.0,3.0,1.0,2.0,1.0,31,3.0,2.0,1,2.0,2,2.0,2.0,1
1.0,15,2.0,0.0,1403,1.0,3.0,2.0,2.0,1.0,4.0,3.0,28,3.0,1.0,1,3.0,2,1.0,2.0,1
1.0,24,2.0,3.0,3021,1.0,3.0,2.0,1.0,1.0,2.0,1.0,24,3.0,1.0,1,2.0,2,1.0,2.0,1
1.0,24,2.0,9.0,6568,1.0,3.0,2.0,4.0,1.0,2.0,3.0,21,2.0,2.0,1,2.0,2,1.0,2.0,1
4.0,24,4.0,3.0,2578,4.0,5.0,2.0,3.0,1.0,2.0,3.0,34,3.0,2.0,1,3.0,2,1.0,2.0,1
2.0,24,4.0,1.0,7758,4.0,5.0,2.0,2.0,1.0,4.0,4.0,29,3.0,1.0,1,3.0,2,1.0,2.0,1
4.0,6,2.0,4.0,409,1.0,2.0,4.0,2.0,1.0,1.0,1.0,27,3.0,2.0,1,3.0,2,1.0,2.0,1
4.0,21,3.0,2.0,1591,2.0,4.0,4.0,3.0,1.0,3.0,1.0,34,3.0,2.0,2,4.0,2,1.0,2.0,1
1.0,27,2.0,3.0,3416,1.0,3.0,3.0,3.0,1.0,2.0,3.0,27,3.0,2.0,1,4.0,2,1.0,2.0,1
1.0,12,0.0,5.0,1108,1.0,4.0,4.0,3.0,1.0,3.0,1.0,28,3.0,2.0,2,3.0,2,1.0,2.0,0
2.0,27,3.0,1.0,5965,1.0,5.0,1.0,3.0,1.0,4.0,3.0,30,3.0,2.0,2,4.0,2,2.0,2.0,1
2.0,15,2.0,5.0,1514,2.0,3.0,4.0,3.0,3.0,2.0,1.0,22,3.0,2.0,1,3.0,2,1.0,2.0,1
4.0,30,4.0,3.0,6742,5.0,4.0,2.0,3.0,1.0,3.0,2.0,36,3.0,2.0,2,3.0,2,1.0,2.0,1
1.0,18,2.0,2.0,3650,1.0,2.0,1.0,2.0,1.0,4.0,3.0,22,3.0,1.0,1,3.0,2,1.0,2.0,1
4.0,21,2.0,2.0,3599,1.0,4.0,1.0,2.0,1.0,4.0,3.0,26,3.0,1.0,1,2.0,2,1.0,2.0,1
4.0,60,4.0,0.0,13756,5.0,5.0,2.0,3.0,1.0,4.0,4.0,63,1.0,3.0,1,4.0,2,2.0,2.0,1
2.0,9,2.0,0.0,409,1.0,3.0,4.0,4.0,1.0,4.0,1.0,22,3.0,1.0,1,2.0,2,1.0,2.0,1
4.0,42,4.0,2.0,4041,3.0,3.0,4.0,3.0,1.0,4.0,1.0,36,3.0,2.0,2,3.0,2,2.0,2.0,1
2.0,9,2.0,3.0,458,1.0,3.0,4.0,3.0,1.0,3.0,1.0,24,3.0,2.0,1,3.0,2,1.0,2.0,1
2.0,9,2.0,2.0,918,1.0,3.0,4.0,2.0,1.0,1.0,2.0,30,3.0,2.0,1,3.0,2,1.0,2.0,0
4.0,60,2.0,0.0,7393,1.0,3.0,1.0,3.0,1.0,4.0,2.0,43,3.0,2.0,1,2.0,1,1.0,2.0,1
3.0,10,2.0,4.0,1225,1.0,3.0,2.0,3.0,1.0,2.0,3.0,37,3.0,2.0,1,3.0,2,2.0,2.0,1
1.0,24,2.0,1.0,2812,5.0,5.0,2.0,2.0,1.0,4.0,1.0,26,3.0,1.0,1,3.0,2,1.0,2.0,1
4.0,15,2.0,1.0,3029,1.0,4.0,2.0,3.0,1.0,2.0,3.0,33,3.0,2.0,1,3.0,2,1.0,2.0,1
3.0,6,4.0,6.0,1047,1.0,3.0,2.0,2.0,1.0,4.0,2.0,50,3.0,2.0,1,2.0,2,2.0,2.0,1
4.0,15,4.0,3.0,1471,1.0,3.0,4.0,3.0,1.0,4.0,4.0,35,3.0,3.0,2,3.0,2,2.0,2.0,1
4.0,24,2.0,2.0,5511,2.0,3.0,4.0,3.0,1.0,1.0,3.0,25,2.0,2.0,1,3.0,2,1.0,2.0,1
2.0,9,2.0,3.0,1206,1.0,5.0,4.0,2.0,1.0,4.0,3.0,25,3.0,2.0,1,3.0,2,1.0,2.0,1
2.0,24,3.0,3.0,6403,1.0,2.0,1.0,3.0,1.0,2.0,3.0,33,3.0,2.0,1,3.0,2,1.0,2.0,1
4.0,12,2.0,3.0,707,1.0,3.0,4.0,3.0,1.0,2.0,1.0,30,1.0,2.0,2,3.0,2,1.0,2.0,1
4.0,12,3.0,1.0,1503,1.0,3.0,4.0,4.0,1.0,4.0,1.0,41,3.0,1.0,1,3.0,2,1.0,2.0,1
2.0,12,2.0,0.0,6078,1.0,4.0,2.0,3.0,1.0,2.0,3.0,32,3.0,2.0,1,3.0,2,1.0,2.0,1
2.0,27,2.0,9.0,2528,1.0,2.0,4.0,2.0,1.0,1.0,2.0,32,3.0,2.0,1,3.0,1,2.0,2.0,1
2.0,12,2.0,9.0,1037,2.0,4.0,3.0,3.0,1.0,4.0,1.0,39,3.0,2.0,1,4.0,2,1.0,2.0,1
1.0,6,2.0,1.0,1352,3.0,1.0,1.0,2.0,1.0,2.0,2.0,23,3.0,1.0,1,1.0,2,2.0,2.0,1
4.0,24,2.0,3.0,3181,1.0,2.0,4.0,2.0,1.0,4.0,2.0,26,3.0,2.0,1,3.0,2,2.0,2.0,1
4.0,18,2.0,3.0,4594,1.0,2.0,3.0,3.0,1.0,2.0,3.0,32,3.0,2.0,1,3.0,2,2.0,2.0,1
2.0,48,2.0,10.0,5381,5.0,1.0,3.0,3.0,1.0,4.0,4.0,40,1.0,3.0,1,1.0,2,2.0,2.0,1
4.0,15,2.0,1.0,4657,1.0,3.0,3.0,3.0,1.0,2.0,3.0,30,3.0,2.0,1,3.0,2,2.0,2.0,1
2.0,9,2.0,9.0,1391,1.0,3.0,2.0,4.0,1.0,1.0,1.0,27,1.0,2.0,1,3.0,2,2.0,2.0,1
2.0,18,2.0,9.0,1913,4.0,2.0,3.0,4.0,1.0,3.0,1.0,36,1.0,2.0,1,3.0,2,2.0,2.0,1
4.0,42,2.0,3.0,7166,5.0,4.0,2.0,4.0,1.0,4.0,2.0,29,3.0,1.0,1,3.0,2,2.0,2.0,1
4.0,13,2.0,3.0,1409,2.0,1.0,2.0,2.0,1.0,4.0,1.0,64,3.0,2.0,1,3.0,2,1.0,2.0,1
4.0,24,3.0,9.0,2978,5.0,3.0,4.0,3.0,1.0,4.0,1.0,32,3.0,2.0,2,3.0,1,2.0,2.0,1
4.0,12,4.0,3.0,976,5.0,5.0,4.0,3.0,1.0,4.0,3.0,35,3.0,2.0,2,3.0,2,1.0,2.0,1
4.0,24,3.0,9.0,2375,3.0,3.0,4.0,3.0,1.0,2.0,3.0,44,3.0,2.0,2,3.0,1,2.0,2.0,1
4.0,12,4.0,3.0,522,3.0,5.0,4.0,3.0,1.0,4.0,2.0,42,3.0,2.0,0,3.0,1,2.0,2.0,1
4.0,28,4.0,3.0,2743,1.0,5.0,4.0,3.0,1.0,2.0,3.0,29,3.0,2.0,2,3.0,2,1.0,2.0,1
4.0,11,4.0,3.0,1154,2.0,1.0,4.0,2.0,1.0,4.0,1.0,57,3.0,2.0,3,2.0,2,1.0,2.0,1
4.0,24,4.0,1.0,5804,4.0,3.0,4.0,3.0,1.0,2.0,1.0,27,3.0,2.0,0,3.0,2,1.0,2.0,1
4.0,18,4.0,3.0,1169,5.0,3.0,4.0,3.0,1.0,3.0,2.0,29,3.0,2.0,2,3.0,2,2.0,2.0,1
1.0,18,4.0,2.0,1478,1.0,5.0,4.0,3.0,1.0,4.0,3.0,44,3.0,2.0,2,3.0,1,2.0,2.0,1
4.0,12,2.0,3.0,776,1.0,3.0,4.0,4.0,3.0,2.0,1.0,28,3.0,2.0,1,3.0,2,1.0,2.0,1
2.0,11,4.0,0.0,1322,4.0,3.0,4.0,2.0,1.0,4.0,3.0,40,3.0,2.0,2,3.0,2,1.0,2.0,1
2.0,16,4.0,0.0,1175,1.0,1.0,2.0,3.0,1.0,3.0,3.0,68,3.0,3.0,3,3.0,2,2.0,2.0,1
4.0,12,2.0,0.0,2133,5.0,5.0,4.0,2.0,1.0,4.0,4.0,52,3.0,3.0,0,4.0,2,2.0,2.0,1
4.0,15,2.0,3.0,1829,1.0,5.0,4.0,3.0,1.0,4.0,3.0,75,3.0,2.0,2,3.0,2,2.0,2.0,1
4.0,12,4.0,3.0,14421,1.0,5.0,4.0,3.0,1.0,4.0,1.0,52,3.0,2.0,3,3.0,2,1.0,2.0,1
2.0,39,3.0,6.0,11760,2.0,4.0,4.0,3.0,1.0,3.0,4.0,32,3.0,1.0,1,3.0,2,2.0,2.0,1
2.0,9,4.0,6.0,1501,1.0,5.0,2.0,2.0,1.0,3.0,3.0,34,3.0,2.0,2,4.0,2,2.0,2.0,0
1.0,12,2.0,6.0,1200,5.0,3.0,4.0,2.0,1.0,4.0,2.0,23,1.0,1.0,1,3.0,2,2.0,2.0,1
2.0,9,2.0,0.0,3195,5.0,3.0,1.0,2.0,1.0,2.0,1.0,33,3.0,2.0,1,2.0,2,1.0,2.0,1
4.0,30,4.0,3.0,4530,1.0,4.0,4.0,2.0,1.0,4.0,3.0,26,3.0,1.0,1,4.0,2,2.0,2.0,1
4.0,12,3.0,5.0,1555,4.0,5.0,4.0,3.0,1.0,4.0,4.0,55,3.0,3.0,2,3.0,1,1.0,2.0,0
2.0,15,4.0,9.0,2326,3.0,3.0,2.0,3.0,1.0,4.0,3.0,27,1.0,2.0,1,3.0,2,1.0,2.0,1
2.0,18,4.0,9.0,1887,5.0,3.0,4.0,4.0,1.0,4.0,1.0,28,1.0,2.0,2,3.0,2,1.0,2.0,1
4.0,12,4.0,9.0,1264,5.0,5.0,4.0,3.0,1.0,4.0,4.0,57,3.0,1.0,1,4.0,2,1.0,2.0,1
4.0,7,3.0,3.0,846,5.0,5.0,3.0,3.0,1.0,4.0,4.0,36,3.0,3.0,1,3.0,2,1.0,2.0,1
4.0,15,4.0,6.0,1532,2.0,3.0,4.0,2.0,1.0,3.0,3.0,31,3.0,2.0,1,3.0,2,1.0,2.0,1
4.0,6,3.0,10.0,935,1.0,3.0,3.0,2.0,1.0,2.0,1.0,24,3.0,2.0,1,3.0,2,1.0,2.0,1
1.0,27,4.0,9.0,2442,1.0,5.0,4.0,3.0,1.0,4.0,3.0,43,2.0,2.0,4,4.0,1,2.0,2.0,1
2.0,18,4.0,9.0,3590,1.0,1.0,3.0,4.0,1.0,3.0,3.0,40,3.0,2.0,3,1.0,1,2.0,2.0,1
4.0,21,4.0,2.0,2288,1.0,2.0,4.0,4.0,1.0,4.0,2.0,23,3.0,2.0,1,3.0,2,2.0,2.0,1
4.0,27,3.0,9.0,5117,1.0,4.0,3.0,3.0,1.0,4.0,3.0,26,3.0,2.0,2,3.0,2,1.0,2.0,1
1.0,39,4.0,10.0,14179,5.0,4.0,4.0,3.0,1.0,4.0,2.0,30,3.0,2.0,2,4.0,80,2.0,2.0,1
4.0,15,2.0,3.0,1386,5.0,3.0,4.0,4.0,1.0,2.0,3.0,40,3.0,1.0,1,3.0,2,2.0,2.0,1
4.0,12,4.0,3.0,618,1.0,5.0,4.0,3.0,1.0,4.0,1.0,56,3.0,2.0,1,3.0,2,1.0,2.0,1
4.0,12,2.0,2.0,1574,1.0,3.0,4.0,3.0,1.0,4.0,1.0,50,3.0,2.0,1,3.0,2,1.0,2.0,1
4.0,6,4.0,3.0,700,5.0,5.0,4.0,3.0,1.0,4.0,4.0,36,3.0,3.0,2,3.0,2,1.0,2.0,1
4.0,12,2.0,3.0,886,5.0,3.0,4.0,2.0,1.0,2.0,3.0,21,3.0,2.0,1,3.0,2,1.0,2.0,1
4.0,36,2.0,1.0,4686,1.0,3.0,2.0,3.0,1.0,2.0,4.0,32,3.0,3.0,1,4.0,2,2.0,2.0,1
2.0,9,2.0,3.0,790,3.0,3.0,4.0,2.0,1.0,3.0,1.0,66,3.0,2.0,1,2.0,2,1.0,2.0,1
2.0,12,2.0,3.0,766,3.0,3.0,4.0,3.0,1.0,3.0,1.0,66,3.0,2.0,1,2.0,2,1.0,2.0,0
1.0,20,2.0,2.0,2212,5.0,4.0,4.0,3.0,1.0,4.0,3.0,39,3.0,2.0,1,3.0,2,2.0,2.0,1
2.0,10,2.0,0.0,7308,1.0,1.0,2.0,3.0,1.0,4.0,4.0,70,1.0,3.0,1,4.0,2,2.0,2.0,1
2.0,24,4.0,6.0,5743,1.0,2.0,2.0,2.0,1.0,4.0,4.0,24,3.0,3.0,2,3.0,2,2.0,2.0,1
1.0,14,2.0,0.0,3973,1.0,1.0,1.0,3.0,1.0,4.0,4.0,22,3.0,3.0,1,3.0,2,1.0,2.0,1
2.0,60,3.0,3.0,7418,5.0,3.0,1.0,3.0,1.0,1.0,1.0,27,3.0,2.0,1,2.0,0,1.0,2.0,1
2.0,20,3.0,10.0,2629,1.0,3.0,2.0,3.0,1.0,3.0,3.0,29,1.0,2.0,2,3.0,2,2.0,2.0,1
2.0,18,2.0,9.0,1941,4.0,3.0,4.0,3.0,1.0,2.0,2.0,35,3.0,2.0,1,2.0,2,2.0,2.0,1
2.0,24,3.0,2.0,2333,5.0,2.0,4.0,3.0,1.0,2.0,2.0,29,1.0,2.0,1,3.0,2,1.0,2.0,1
4.0,12,2.0,1.0,2445,5.0,2.0,2.0,4.0,1.0,4.0,3.0,26,3.0,1.0,1,3.0,2,2.0,2.0,1
2.0,20,2.0,1.0,6468,5.0,1.0,1.0,1.0,1.0,4.0,1.0,60,3.0,2.0,1,4.0,2,2.0,2.0,1
2.0,18,4.0,2.0,7374,1.0,1.0,4.0,3.0,1.0,4.0,2.0,40,2.0,2.0,2,4.0,2,2.0,2.0,1
4.0,15,2.0,1.0,3812,2.0,2.0,1.0,2.0,1.0,4.0,3.0,75,3.0,2.0,1,3.0,2,2.0,2.0,1
1.0,28,2.0,0.0,4006,1.0,3.0,3.0,3.0,1.0,2.0,3.0,45,3.0,2.0,1,2.0,2,1.0,2.0,0
3.0,12,2.0,2.0,1424,5.0,5.0,3.0,2.0,1.0,4.0,1.0,55,3.0,2.0,1,4.0,2,2.0,2.0,1
2.0,12,2.0,1.0,2028,5.0,3.0,4.0,3.0,1.0,2.0,3.0,33,3.0,2.0,1,3.0,2,1.0,2.0,1
4.0,15,2.0,0.0,5324,3.0,5.0,1.0,2.0,1.0,4.0,4.0,35,3.0,3.0,1,3.0,2,1.0,2.0,1
4.0,36,2.0,3.0,2323,1.0,4.0,4.0,3.0,1.0,4.0,3.0,24,3.0,1.0,1,3.0,2,1.0,2.0,1
4.0,18,2.0,2.0,1984,1.0,3.0,4.0,3.0,1.0,4.0,4.0,47,1.0,3.0,2,3.0,2,1.0,2.0,1
4.0,24,2.0,3.0,999,5.0,5.0,4.0,3.0,1.0,2.0,3.0,25,3.0,2.0,2,3.0,2,1.0,2.0,1
4.0,60,2.0,3.0,7409,5.0,5.0,3.0,3.0,1.0,4.0,2.0,37,3.0,2.0,2,3.0,2,1.0,2.0,1
4.0,15,2.0,2.0,2186,5.0,4.0,1.0,2.0,1.0,4.0,1.0,33,1.0,1.0,1,2.0,2,1.0,2.0,1
3.0,36,2.0,3.0,4473,1.0,5.0,4.0,3.0,1.0,2.0,3.0,31,3.0,2.0,1,3.0,2,1.0,2.0,1
4.0,24,2.0,8.0,937,1.0,2.0,4.0,4.0,1.0,3.0,3.0,27,3.0,2.0,2,2.0,2,1.0,2.0,1
4.0,18,2.0,2.0,3422,1.0,5.0,4.0,3.0,1.0,4.0,2.0,75,1.0,2.0,3,3.0,1,2.0,2.0,1
4.0,24,2.0,3.0,3105,5.0,2.0,4.0,3.0,1.0,2.0,3.0,25,3.0,2.0,2,3.0,2,1.0,2.0,1
4.0,12,4.0,6.0,2748,1.0,5.0,2.0,2.0,1.0,4.0,4.0,57,1.0,3.0,3,2.0,2,1.0,2.0,1
2.0,18,2.0,5.0,3872,1.0,1.0,2.0,2.0,1.0,4.0,3.0,67,3.0,2.0,1,3.0,2,2.0,2.0,1
4.0,27,2.0,5.0,5190,5.0,3.0,4.0,3.0,1.0,4.0,2.0,33,3.0,2.0,4,3.0,1,2.0,2.0,1
2.0,18,2.0,2.0,3001,1.0,4.0,2.0,2.0,1.0,4.0,1.0,40,3.0,1.0,1,3.0,2,1.0,2.0,1
4.0,24,3.0,9.0,3863,1.0,3.0,1.0,3.0,1.0,2.0,4.0,32,3.0,3.0,1,3.0,2,1.0,2.0,1
4.0,12,4.0,2.0,5801,5.0,5.0,2.0,3.0,1.0,4.0,2.0,49,3.0,1.0,1,3.0,2,2.0,1.0,1
4.0,12,4.0,2.0,1592,4.0,4.0,3.0,2.0,1.0,2.0,2.0,35,3.0,2.0,1,3.0,2,1.0,2.0,1
4.0,12,4.0,9.0,1185,1.0,3.0,3.0,2.0,1.0,2.0,1.0,27,3.0,2.0,2,3.0,2,1.0,2.0,1
4.0,18,4.0,2.0,3780,1.0,2.0,3.0,1.0,1.0,2.0,3.0,35,3.0,2.0,2,4.0,2,2.0,2.0,1
2.0,18,4.0,2.0,3612,1.0,5.0,3.0,2.0,1.0,4.0,2.0,37,3.0,2.0,1,4.0,2,2.0,1.0,1
4.0,12,2.0,9.0,1076,1.0,3.0,2.0,4.0,1.0,2.0,1.0,26,3.0,2.0,1,3.0,2,2.0,2.0,1
4.0,12,2.0,0.0,3527,5.0,2.0,2.0,3.0,1.0,3.0,2.0,45,3.0,2.0,1,4.0,1,2.0,2.0,1
4.0,60,2.0,3.0,2051,1.0,2.0,4.0,3.0,1.0,1.0,1.0,33,3.0,2.0,1,3.0,2,1.0,2.0,1
4.0,12,4.0,2.0,3331,1.0,5.0,2.0,3.0,1.0,4.0,2.0,42,2.0,2.0,1,3.0,2,1.0,2.0,1
1.0,18,0.0,9.0,3104,1.0,4.0,3.0,3.0,1.0,1.0,2.0,31,1.0,2.0,1,3.0,2,2.0,2.0,1
4.0,24,4.0,3.0,2611,1.0,5.0,4.0,4.0,2.0,3.0,1.0,46,3.0,2.0,2,3.0,2,1.0,2.0,1
1.0,12,4.0,1.0,1409,1.0,5.0,4.0,3.0,1.0,3.0,1.0,54,3.0,2.0,1,3.0,2,1.0,2.0,1
4.0,24,2.0,3.0,1311,2.0,4.0,4.0,4.0,1.0,3.0,2.0,26,3.0,2.0,1,3.0,2,2.0,2.0,1
4.0,6,2.0,3.0,2108,1.0,4.0,2.0,4.0,1.0,2.0,1.0,29,3.0,1.0,1,3.0,2,1.0,2.0,1
4.0,24,4.0,1.0,4042,5.0,4.0,3.0,3.0,1.0,4.0,2.0,43,3.0,2.0,2,3.0,2,2.0,2.0,1
4.0,12,4.0,0.0,926,1.0,1.0,1.0,2.0,1.0,2.0,2.0,38,3.0,2.0,1,1.0,2,1.0,2.0,1
1.0,12,2.0,3.0,1680,3.0,5.0,3.0,4.0,1.0,1.0,1.0,35,3.0,2.0,1,3.0,803,1.0,2.0,1
4.0,24,2.0,0.0,1249,1.0,2.0,4.0,4.0,1.0,2.0,1.0,28,3.0,2.0,1,3.0,2,1.0,2.0,1
4.0,24,4.0,0.0,2463,2.0,4.0,4.0,4.0,1.0,3.0,2.0,27,3.0,2.0,2,3.0,2,2.0,2.0,1
4.0,6,2.0,3.0,1595,1.0,4.0,3.0,4.0,1.0,4.0,2.0,51,3.0,2.0,1,3.0,1,1.0,2.0,1
4.0,6,4.0,3.0,1740,1.0,5.0,2.0,4.0,1.0,2.0,1.0,30,3.0,1.0,2,3.0,2,1.0,2.0,1
4.0,12,4.0,3.0,1240,5.0,5.0,4.0,2.0,1.0,2.0,1.0,38,3.0,2.0,2,3.0,2,2.0,2.0,1
4.0,24,4.0,1.0,6842,5.0,3.0,2.0,3.0,1.0,4.0,2.0,33,3.0,2.0,2,4.0,1,2.0,2.0,1
4.0,24,4.0,2.0,5150,1.0,5.0,4.0,3.0,1.0,4.0,3.0,33,3.0,2.0,1,3.0,2,2.0,2.0,1
1.0,6,2.0,0.0,1203,2.0,5.0,3.0,3.0,1.0,2.0,2.0,43,3.0,2.0,1,3.0,2,2.0,2.0,1
4.0,6,4.0,0.0,2080,3.0,3.0,1.0,4.0,1.0,2.0,3.0,24,3.0,2.0,1,3.0,2,1.0,2.0,1
4.0,6,2.0,6.0,1538,1.0,2.0,1.0,2.0,1.0,2.0,4.0,33,3.0,2.0,1,3.0,2,1.0,2.0,1
2.0,24,4.0,0.0,3878,2.0,2.0,4.0,1.0,1.0,2.0,3.0,37,3.0,2.0,1,3.0,2,2.0,2.0,1
2.0,60,2.0,2.0,3832,1.0,2.0,2.0,4.0,1.0,1.0,2.0,22,3.0,2.0,1,3.0,2,1.0,2.0,1
4.0,15,2.0,0.0,3186,4.0,4.0,4.0,2.0,1.0,3.0,3.0,20,3.0,1.0,1,3.0,2,1.0,2.0,1
2.0,24,2.0,3.0,2896,2.0,2.0,2.0,3.0,1.0,1.0,3.0,29,3.0,2.0,1,3.0,2,1.0,2.0,1
2.0,24,3.0,9.0,6967,2.0,4.0,4.0,3.0,1.0,4.0,3.0,36,3.0,1.0,1,4.0,2,2.0,2.0,1
4.0,36,2.0,6.0,1819,1.0,3.0,4.0,3.0,1.0,4.0,3.0,37,2.0,3.0,1,3.0,2,2.0,2.0,0
4.0,24,2.0,3.0,5943,5.0,2.0,1.0,2.0,1.0,1.0,3.0,44,3.0,2.0,2,3.0,2,2.0,2.0,0
4.0,36,4.0,2.0,7127,1.0,2.0,2.0,2.0,1.0,4.0,2.0,23,3.0,1.0,2,3.0,2,2.0,2.0,0
4.0,36,2.0,2.0,3349,1.0,3.0,4.0,2.0,1.0,2.0,3.0,28,3.0,2.0,1,4.0,2,2.0,2.0,0
4.0,36,2.0,2.0,10974,1.0,1.0,4.0,2.0,1.0,2.0,3.0,26,3.0,2.0,2,4.0,2,2.0,2.0,0
4.0,6,2.0,3.0,518,1.0,3.0,3.0,2.0,1.0,1.0,1.0,29,3.0,2.0,1,3.0,2,1.0,2.0,1
4.0,18,2.0,3.0,1126,5.0,2.0,4.0,2.0,1.0,2.0,1.0,21,3.0,1.0,1,3.0,2,2.0,2.0,1
2.0,12,4.0,1.0,1860,1.0,1.0,4.0,3.0,1.0,2.0,3.0,34,3.0,2.0,2,4.0,2,2.0,2.0,1
4.0,18,4.0,3.0,9566,1.0,3.0,2.0,2.0,1.0,2.0,3.0,31,2.0,2.0,2,3.0,2,1.0,2.0,1
1.0,12,2.0,3.0,701,1.0,3.0,4.0,4.0,1.0,2.0,1.0,40,3.0,2.0,1,2.0,2,1.0,2.0,1
2.0,12,2.0,3.0,2930,1.0,4.0,2.0,2.0,1.0,1.0,1.0,27,3.0,2.0,1,3.0,2,1.0,2.0,1
4.0,18,2.0,3.0,1505,1.0,3.0,4.0,3.0,1.0,2.0,4.0,32,3.0,3.0,1,4.0,2,2.0,2.0,1
4.0,18,4.0,3.0,2238,1.0,3.0,2.0,2.0,1.0,1.0,3.0,25,3.0,2.0,2,3.0,2,1.0,2.0,1
4.0,6,4.0,3.0,1503,1.0,4.0,2.0,3.0,1.0,1.0,1.0,42,3.0,2.0,2,2.0,1,1.0,2.0,1
4.0,24,4.0,1.0,2197,5.0,4.0,4.0,3.0,1.0,4.0,3.0,43,3.0,2.0,2,3.0,1,2.0,2.0,1
3.0,12,2.0,3.0,1881,1.0,3.0,2.0,2.0,1.0,2.0,3.0,44,3.0,1.0,1,2.0,2,2.0,2.0,1
1.0,18,4.0,3.0,1880,1.0,4.0,4.0,4.0,1.0,4.0,2.0,32,3.0,2.0,2,4.0,2,2.0,2.0,1
1.0,18,2.0,3.0,2389,1.0,2.0,4.0,2.0,3.0,1.0,3.0,27,2.0,2.0,1,3.0,2,1.0,2.0,1
2.0,24,2.0,3.0,1967,1.0,5.0,4.0,2.0,1.0,4.0,3.0,20,3.0,2.0,1,3.0,2,2.0,2.0,1
4.0,6,4.0,0.0,3380,1.0,4.0,1.0,2.0,1.0,1.0,1.0,37,3.0,2.0,1,3.0,1,1.0,2.0,1
4.0,6,4.0,0.0,1455,1.0,4.0,2.0,3.0,1.0,1.0,1.0,42,3.0,2.0,3,2.0,1,1.0,2.0,1
4.0,7,4.0,3.0,730,5.0,5.0,4.0,3.0,1.0,2.0,2.0,46,3.0,1.0,2,2.0,2,2.0,2.0,1
2.0,18,0.0,2.0,3244,1.0,3.0,1.0,2.0,1.0,4.0,3.0,33,1.0,2.0,2,3.0,2,2.0,2.0,1
2.0,9,2.0,3.0,1670,1.0,2.0,4.0,2.0,1.0,2.0,3.0,22,3.0,2.0,1,3.0,2,2.0,2.0,0
2.0,48,4.0,3.0,3979,5.0,4.0,4.0,3.0,1.0,1.0,3.0,75,3.0,2.0,2,3.0,1,2.0,2.0,1
2.0,12,2.0,2.0,1922,1.0,3.0,4.0,3.0,1.0,2.0,2.0,37,3.0,2.0,1,2.0,2,1.0,2.0,0
4.0,18,4.0,2.0,1295,1.0,2.0,4.0,2.0,1.0,1.0,2.0,27,3.0,2.0,2,3.0,2,1.0,2.0,1
4.0,6,4.0,3.0,1544,1.0,4.0,2.0,3.0,1.0,1.0,1.0,42,3.0,2.0,3,2.0,1,1.0,2.0,1
2.0,8,2.0,9.0,907,1.0,2.0,3.0,4.0,1.0,2.0,1.0,26,3.0,2.0,1,3.0,2,2.0,2.0,1
3.0,10,4.0,3.0,1347,5.0,4.0,4.0,3.0,1.0,2.0,2.0,27,3.0,2.0,2,3.0,76,2.0,2.0,1
2.0,12,2.0,0.0,1007,4.0,3.0,4.0,4.0,1.0,1.0,1.0,22,3.0,2.0,1,3.0,2,1.0,2.0,1
4.0,12,4.0,2.0,1402,3.0,4.0,3.0,2.0,1.0,4.0,3.0,37,3.0,1.0,1,3.0,2,2.0,2.0,1
2.0,12,2.0,0.0,2002,1.0,4.0,3.0,3.0,1.0,4.0,2.0,30,3.0,1.0,1,3.0,1,2.0,2.0,1
4.0,60,4.0,6.0,2096,1.0,4.0,2.0,3.0,1.0,3.0,1.0,49,3.0,2.0,1,2.0,1,1.0,2.0,1
4.0,12,2.0,0.0,1101,1.0,3.0,3.0,4.0,1.0,2.0,1.0,27,3.0,2.0,2,3.0,2,2.0,2.0,1
4.0,10,2.0,8.0,894,5.0,4.0,4.0,2.0,1.0,3.0,2.0,40,3.0,2.0,1,3.0,2,2.0,2.0,1
2.0,11,2.0,2.0,1577,4.0,2.0,4.0,2.0,1.0,1.0,1.0,20,3.0,2.0,1,3.0,2,1.0,2.0,1
4.0,33,3.0,9.0,2764,1.0,3.0,2.0,2.0,1.0,2.0,3.0,26,3.0,2.0,2,3.0,2,2.0,2.0,1
2.0,48,0.0,0.0,8358,3.0,2.0,1.0,2.0,1.0,1.0,3.0,30,3.0,2.0,2,3.0,2,1.0,2.0,1
3.0,12,2.0,2.0,1474,1.0,3.0,4.0,2.0,1.0,1.0,2.0,33,1.0,2.0,1,4.0,2,2.0,2.0,1
4.0,24,2.0,1.0,5433,5.0,1.0,2.0,2.0,1.0,4.0,2.0,26,3.0,1.0,1,4.0,2,2.0,2.0,1
2.0,14,2.0,9.0,1410,3.0,5.0,1.0,4.0,1.0,2.0,1.0,35,3.0,2.0,1,3.0,2,2.0,2.0,1
4.0,20,4.0,0.0,3485,5.0,2.0,2.0,1.0,1.0,4.0,1.0,44,3.0,2.0,2,3.0,2,2.0,2.0,1
4.0,18,4.0,1.0,3850,1.0,4.0,3.0,3.0,1.0,1.0,3.0,27,3.0,2.0,2,3.0,2,1.0,2.0,1
2.0,60,2.0,0.0,7408,2.0,2.0,4.0,2.0,1.0,2.0,2.0,24,3.0,2.0,1,4.0,2,1.0,2.0,0
3.0,24,2.0,3.0,1377,2.0,5.0,4.0,2.0,1.0,2.0,4.0,47,3.0,3.0,1,3.0,2,2.0,2.0,1
4.0,30,3.0,9.0,4272,1.0,3.0,2.0,3.0,3.0,2.0,2.0,26,3.0,2.0,2,2.0,2,1.0,2.0,1
2.0,24,3.0,3.0,1553,2.0,4.0,3.0,2.0,1.0,2.0,2.0,23,3.0,1.0,2,3.0,2,2.0,2.0,1
2.0,36,3.0,9.0,2325,2.0,4.0,1.0,3.0,1.0,3.0,2.0,31,3.0,2.0,2,2.0,1,2.0,2.0,1
4.0,6,4.0,0.0,409,2.0,3.0,4.0,2.0,1.0,4.0,3.0,52,3.0,2.0,2,2.0,2,1.0,2.0,1
4.0,12,4.0,2.0,1935,1.0,5.0,4.0,3.0,1.0,4.0,3.0,43,3.0,2.0,3,3.0,2,2.0,2.0,1
4.0,48,2.0,3.0,10222,5.0,4.0,4.0,3.0,1.0,3.0,3.0,37,2.0,2.0,1,3.0,2,2.0,2.0,1
3.0,12,2.0,0.0,1330,1.0,2.0,4.0,3.0,1.0,1.0,1.0,26,3.0,2.0,1,3.0,2,1.0,2.0,1
4.0,36,2.0,6.0,9055,5.0,3.0,2.0,3.0,1.0,4.0,4.0,35,3.0,3.0,1,2.0,1,2.0,2.0,1
2.0,26,2.0,1.0,7966,1.0,2.0,2.0,3.0,1.0,3.0,3.0,30,3.0,2.0,2,3.0,2,1.0,2.0,1
2.0,30,1.0,2.0,3496,4.0,3.0,4.0,3.0,1.0,2.0,3.0,34,2.0,2.0,1,3.0,1,2.0,2.0,1
2.0,36,2.0,1.0,6948,1.0,3.0,2.0,3.0,1.0,2.0,3.0,35,3.0,1.0,1,4.0,2,2.0,2.0,1
1.0,12,2.0,6.0,684,1.0,3.0,4.0,3.0,1.0,4.0,3.0,40,3.0,1.0,1,2.0,1,1.0,2.0,0
1.0,33,4.0,2.0,4281,3.0,3.0,1.0,2.0,1.0,4.0,3.0,23,3.0,2.0,2,3.0,2,1.0,2.0,0
1.0,42,2.0,3.0,7174,5.0,4.0,4.0,2.0,1.0,3.0,3.0,30,3.0,2.0,1,4.0,2,2.0,2.0,0
1.0,24,1.0,3.0,1546,1.0,4.0,4.0,3.0,3.0,4.0,3.0,24,1.0,1.0,1,2.0,2,1.0,2.0,0
1.0,24,2.0,2.0,2359,2.0,1.0,1.0,1.0,1.0,1.0,2.0,33,3.0,2.0,1,3.0,2,1.0,2.0,0
4.0,24,4.0,3.0,3621,2.0,5.0,2.0,3.0,1.0,4.0,3.0,31,3.0,2.0,2,3.0,2,1.0,2.0,0
1.0,12,2.0,4.0,741,2.0,1.0,4.0,2.0,1.0,3.0,2.0,22,3.0,2.0,1,3.0,2,1.0,2.0,0
1.0,12,2.0,2.0,7865,1.0,5.0,4.0,3.0,1.0,4.0,4.0,53,3.0,3.0,1,4.0,2,2.0,2.0,0
1.0,24,2.0,1.0,2910,1.0,4.0,2.0,3.0,1.0,1.0,4.0,34,3.0,3.0,1,4.0,2,2.0,2.0,1
1.0,18,4.0,0.0,5302,1.0,5.0,2.0,3.0,1.0,4.0,4.0,36,3.0,3.0,3,4.0,2,2.0,2.0,1
1.0,36,2.0,2.0,3620,1.0,3.0,1.0,3.0,3.0,2.0,2.0,37,3.0,2.0,1,3.0,1,1.0,2.0,1
1.0,18,2.0,3.0,3509,1.0,5.0,4.0,2.0,3.0,1.0,1.0,25,3.0,2.0,1,3.0,2,1.0,2.0,1
2.0,12,2.0,2.0,3017,1.0,2.0,3.0,2.0,1.0,1.0,1.0,34,3.0,1.0,1,4.0,2,1.0,2.0,1
4.0,12,2.0,2.0,1657,1.0,3.0,2.0,3.0,1.0,2.0,1.0,27,3.0,2.0,1,3.0,2,1.0,2.0,1
1.0,8,4.0,10.0,1164,1.0,5.0,3.0,3.0,1.0,4.0,4.0,51,1.0,3.0,2,4.0,1,2.0,2.0,1
1.0,36,4.0,2.0,6229,1.0,2.0,4.0,2.0,2.0,4.0,4.0,23,3.0,1.0,2,2.0,2,2.0,2.0,0
1.0,24,1.0,0.0,1193,1.0,1.0,1.0,2.0,2.0,4.0,4.0,29,3.0,1.0,2,1.0,2,1.0,2.0,0
1.0,30,0.0,2.0,4583,1.0,3.0,2.0,1.0,3.0,2.0,1.0,32,3.0,2.0,2,3.0,2,1.0,2.0,1
1.0,36,4.0,2.0,5371,1.0,3.0,3.0,3.0,3.0,2.0,3.0,28,3.0,2.0,2,3.0,2,1.0,2.0,1
1.0,12,2.0,2.0,708,1.0,3.0,2.0,3.0,3.0,3.0,2.0,38,3.0,2.0,1,2.0,1,1.0,2.0,1
1.0,21,4.0,0.0,571,1.0,5.0,4.0,3.0,1.0,4.0,1.0,65,3.0,2.0,2,3.0,2,1.0,2.0,1
1.0,30,2.0,3.0,2522,1.0,5.0,1.0,3.0,3.0,3.0,2.0,39,3.0,2.0,1,3.0,1,1.0,2.0,1
1.0,36,2.0,2.0,5179,1.0,4.0,4.0,3.0,1.0,2.0,2.0,29,3.0,2.0,1,3.0,2,1.0,2.0,0
1.0,36,2.0,1.0,8229,1.0,3.0,2.0,3.0,1.0,2.0,2.0,26,3.0,2.0,1,3.0,1,1.0,2.0,0
4.0,18,4.0,2.0,2028,1.0,4.0,2.0,3.0,1.0,2.0,2.0,30,3.0,2.0,2,2.0,2,1.0,2.0,1
1.0,6,2.0,0.0,1374,5.0,1.0,4.0,2.0,1.0,3.0,4.0,75,3.0,2.0,1,4.0,2,2.0,2.0,1
1.0,12,2.0,2.0,1289,1.0,3.0,4.0,3.0,3.0,1.0,2.0,21,3.0,2.0,1,2.0,2,1.0,2.0,1
1.0,36,2.0,2.0,2712,1.0,5.0,2.0,3.0,1.0,2.0,2.0,41,1.0,2.0,1,3.0,1,1.0,2.0,0
1.0,15,4.0,2.0,975,1.0,3.0,2.0,1.0,1.0,3.0,2.0,25,3.0,2.0,2,3.0,2,1.0,2.0,1
2.0,6,3.0,2.0,1050,1.0,1.0,4.0,3.0,1.0,1.0,2.0,35,2.0,2.0,2,4.0,2,2.0,1.0,1
1.0,6,4.0,0.0,609,1.0,4.0,4.0,2.0,1.0,3.0,2.0,37,3.0,2.0,2,3.0,2,1.0,2.0,1
1.0,48,2.0,1.0,4788,1.0,4.0,4.0,3.0,1.0,3.0,2.0,26,3.0,2.0,1,3.0,1,1.0,2.0,1
2.0,24,2.0,2.0,3069,2.0,5.0,4.0,3.0,1.0,4.0,4.0,30,3.0,3.0,1,3.0,2,1.0,2.0,1
2.0,12,2.0,0.0,836,2.0,2.0,4.0,2.0,1.0,2.0,2.0,23,1.0,2.0,1,4.0,2,1.0,2.0,0
1.0,12,2.0,2.0,2577,1.0,3.0,2.0,1.0,1.0,1.0,3.0,42,3.0,2.0,1,3.0,2,1.0,2.0,1
1.0,12,2.0,2.0,1620,1.0,3.0,2.0,3.0,2.0,3.0,2.0,30,3.0,2.0,1,3.0,2,1.0,2.0,1
1.0,15,2.0,2.0,1845,1.0,2.0,4.0,2.0,3.0,1.0,2.0,46,3.0,1.0,1,3.0,2,1.0,2.0,1
1.0,24,2.0,1.0,6579,1.0,1.0,4.0,3.0,1.0,2.0,3.0,29,3.0,3.0,1,4.0,2,2.0,2.0,1
1.0,12,2.0,0.0,1893,1.0,3.0,4.0,2.0,3.0,4.0,2.0,75,3.0,2.0,0,3.0,2,2.0,2.0,1
4.0,30,4.0,1.0,10623,1.0,5.0,3.0,3.0,1.0,4.0,4.0,38,3.0,3.0,3,4.0,1,2.0,2.0,1
1.0,18,2.0,0.0,2249,2.0,4.0,4.0,3.0,1.0,3.0,3.0,30,3.0,2.0,1,4.0,1,2.0,2.0,1
1.0,30,2.0,10.0,3108,1.0,2.0,2.0,1.0,1.0,4.0,2.0,31,3.0,2.0,1,2.0,2,1.0,2.0,0
2.0,12,4.0,0.0,958,1.0,4.0,2.0,3.0,1.0,3.0,1.0,47,3.0,2.0,2,2.0,1,1.0,2.0,1
4.0,24,2.0,1.0,9277,5.0,3.0,2.0,1.0,1.0,4.0,4.0,48,3.0,3.0,1,3.0,2,2.0,2.0,1
4.0,24,4.0,10.0,6314,1.0,1.0,4.0,3.0,2.0,2.0,4.0,27,1.0,2.0,2,4.0,2,2.0,2.0,1
1.0,12,4.0,1.0,1526,1.0,5.0,4.0,3.0,1.0,4.0,4.0,66,3.0,3.0,2,4.0,2,1.0,2.0,1
1.0,12,2.0,2.0,3590,1.0,3.0,2.0,3.0,2.0,2.0,2.0,29,3.0,2.0,1,2.0,1,1.0,2.0,1
1.0,24,4.0,1.0,6615,1.0,1.0,2.0,3.0,1.0,4.0,4.0,75,3.0,3.0,2,4.0,2,2.0,2.0,1
1.0,6,4.0,2.0,1872,1.0,1.0,4.0,3.0,1.0,4.0,4.0,36,3.0,3.0,3,4.0,2,2.0,2.0,1
4.0,12,2.0,0.0,2859,5.0,1.0,4.0,3.0,1.0,4.0,4.0,38,3.0,2.0,33,4.0,2,2.0,2.0,1
4.0,18,4.0,3.0,1582,4.0,5.0,4.0,3.0,1.0,4.0,3.0,46,3.0,2.0,2,3.0,2,1.0,2.0,1
4.0,6,2.0,8.0,1238,5.0,1.0,4.0,3.0,1.0,4.0,2.0,36,3.0,2.0,1,4.0,1,2.0,2.0,1
1.0,12,2.0,2.0,2578,1.0,1.0,3.0,2.0,1.0,4.0,4.0,55,3.0,3.0,1,4.0,2,1.0,2.0,1
1.0,15,4.0,2.0,1433,1.0,3.0,4.0,2.0,1.0,3.0,2.0,25,3.0,1.0,2,3.0,2,1.0,2.0,1
1.0,42,2.0,2.0,7882,1.0,4.0,2.0,3.0,3.0,4.0,2.0,45,3.0,3.0,1,3.0,1,1.0,2.0,1
1.0,24,2.0,2.0,4169,1.0,3.0,4.0,3.0,1.0,4.0,2.0,28,3.0,2.0,1,3.0,2,1.0,2.0,1
1.0,36,2.0,2.0,3959,1.0,1.0,4.0,3.0,1.0,3.0,2.0,30,3.0,2.0,1,4.0,2,2.0,2.0,1
4.0,36,2.0,0.0,2325,1.0,4.0,2.0,3.0,1.0,4.0,4.0,39,1.0,3.0,1,4.0,1,2.0,2.0,1
1.0,24,2.0,2.0,3149,1.0,2.0,4.0,3.0,1.0,1.0,4.0,22,1.0,3.0,1,3.0,2,1.0,2.0,1
1.0,12,4.0,2.0,2246,1.0,5.0,3.0,3.0,1.0,3.0,2.0,60,3.0,2.0,2,3.0,2,1.0,2.0,0
1.0,13,4.0,9.0,1797,1.0,2.0,3.0,3.0,1.0,1.0,2.0,28,1.0,2.0,2,2.0,2,1.0,2.0,1
1.0,20,4.0,2.0,4272,1.0,5.0,1.0,2.0,1.0,4.0,2.0,24,3.0,2.0,2,3.0,2,1.0,2.0,1
4.0,24,4.0,1.0,2957,1.0,5.0,4.0,3.0,1.0,4.0,2.0,63,3.0,2.0,2,3.0,2,2.0,2.0,1
1.0,36,4.0,2.0,2348,1.0,3.0,3.0,4.0,1.0,2.0,2.0,46,3.0,3.0,2,3.0,2,2.0,2.0,1
3.0,42,0.0,9.0,6289,1.0,2.0,2.0,1.0,1.0,1.0,2.0,33,3.0,2.0,2,3.0,0,1.0,2.0,1
1.0,24,4.0,1.0,6419,1.0,5.0,2.0,2.0,1.0,4.0,4.0,44,3.0,3.0,2,4.0,1,2.0,2.0,1
1.0,48,4.0,1.0,6143,1.0,5.0,4.0,2.0,1.0,4.0,4.0,58,2.0,3.0,2,2.0,2,1.0,2.0,0
4.0,24,4.0,6.0,1597,1.0,3.0,4.0,3.0,1.0,4.0,4.0,54,3.0,3.0,2,3.0,1,1.0,2.0,1
1.0,36,2.0,10.0,14421,1.0,1.0,2.0,1.0,2.0,3.0,3.0,43,3.0,2.0,1,4.0,2,1.0,2.0,1
4.0,24,4.0,3.0,2223,2.0,5.0,4.0,3.0,3.0,4.0,2.0,52,1.0,2.0,2,3.0,2,1.0,2.0,1
4.0,48,3.0,3.0,7238,5.0,5.0,3.0,3.0,1.0,4.0,3.0,32,1.0,2.0,2,3.0,1,1.0,2.0,1
2.0,60,3.0,9.0,2503,2.0,5.0,4.0,3.0,1.0,2.0,2.0,41,2.0,2.0,2,3.0,2,1.0,2.0,1
2.0,18,2.0,9.0,2622,2.0,3.0,4.0,3.0,1.0,4.0,3.0,34,3.0,2.0,1,3.0,2,1.0,2.0,1
2.0,24,2.0,2.0,4351,5.0,3.0,1.0,2.0,1.0,4.0,2.0,48,3.0,2.0,1,2.0,2,2.0,2.0,1
2.0,6,2.0,3.0,409,5.0,5.0,4.0,3.0,1.0,4.0,2.0,38,3.0,2.0,1,3.0,2,1.0,2.0,1
4.0,12,2.0,8.0,754,5.0,5.0,4.0,3.0,1.0,4.0,2.0,38,3.0,2.0,2,3.0,2,1.0,2.0,1
4.0,24,4.0,3.0,2424,5.0,5.0,4.0,3.0,1.0,4.0,2.0,53,3.0,2.0,2,3.0,2,1.0,2.0,1
2.0,48,3.0,9.0,6681,5.0,3.0,4.0,3.0,1.0,4.0,4.0,38,3.0,3.0,1,3.0,1,2.0,2.0,1
2.0,18,4.0,9.0,2427,5.0,5.0,4.0,3.0,1.0,2.0,2.0,42,3.0,2.0,2,3.0,2,1.0,2.0,1
2.0,24,4.0,3.0,1216,2.0,2.0,4.0,3.0,1.0,4.0,4.0,38,1.0,2.0,2,3.0,1,1.0,2.0,0
2.0,6,2.0,3.0,753,1.0,3.0,2.0,2.0,3.0,3.0,1.0,64,3.0,2.0,1,3.0,2,1.0,2.0,1
2.0,7,2.0,3.0,2576,1.0,3.0,2.0,3.0,3.0,2.0,1.0,35,3.0,2.0,1,3.0,2,1.0,1.0,1
2.0,6,2.0,3.0,590,1.0,2.0,3.0,4.0,1.0,3.0,1.0,26,3.0,2.0,1,2.0,2,1.0,1.0,1
2.0,8,2.0,3.0,1414,1.0,3.0,4.0,3.0,3.0,2.0,1.0,33,3.0,2.0,1,3.0,2,1.0,1.0,1
2.0,12,2.0,3.0,1103,1.0,4.0,4.0,3.0,3.0,3.0,1.0,29,3.0,2.0,2,3.0,2,1.0,2.0,1
2.0,12,3.0,3.0,585,1.0,3.0,4.0,4.0,2.0,4.0,1.0,20,3.0,1.0,2,3.0,2,1.0,2.0,1
2.0,6,2.0,3.0,1068,1.0,5.0,4.0,3.0,1.0,4.0,3.0,28,3.0,2.0,1,3.0,1,1.0,2.0,1
1.0,8,4.0,0.0,713,1.0,5.0,4.0,3.0,1.0,4.0,1.0,47,3.0,2.0,2,4.0,2,1.0,2.0,1
2.0,12,2.0,3.0,1092,1.0,3.0,4.0,2.0,3.0,4.0,1.0,49,3.0,3.0,2,3.0,2,2.0,2.0,1
2.0,7,2.0,3.0,2329,1.0,2.0,1.0,2.0,3.0,1.0,1.0,45,3.0,2.0,1,3.0,2,1.0,2.0,1
2.0,18,2.0,3.0,866,1.0,3.0,4.0,4.0,3.0,2.0,1.0,25,3.0,2.0,1,2.0,2,1.0,2.0,1
2.0,7,2.0,3.0,2415,1.0,3.0,3.0,3.0,3.0,2.0,1.0,34,3.0,2.0,1,3.0,2,1.0,2.0,1
2.0,13,2.0,3.0,2101,1.0,2.0,2.0,2.0,3.0,4.0,2.0,23,3.0,2.0,1,2.0,2,1.0,2.0,1
2.0,18,2.0,3.0,1301,1.0,5.0,4.0,4.0,3.0,2.0,1.0,32,3.0,2.0,1,2.0,2,1.0,2.0,1
2.0,18,2.0,3.0,2325,1.0,3.0,4.0,2.0,3.0,4.0,1.0,26,3.0,2.0,1,2.0,1,1.0,2.0,1
2.0,8,2.0,3.0,760,1.0,4.0,4.0,2.0,3.0,2.0,1.0,44,3.0,2.0,1,2.0,2,1.0,2.0,1
2.0,12,2.0,3.0,625,1.0,2.0,4.0,4.0,3.0,1.0,1.0,26,1.0,2.0,1,2.0,2,1.0,2.0,1
3.0,6,4.0,0.0,1323,2.0,5.0,2.0,1.0,1.0,4.0,3.0,28,3.0,2.0,2,3.0,1,2.0,2.0,1
2.0,18,4.0,3.0,1795,1.0,5.0,3.0,2.0,3.0,4.0,1.0,48,1.0,1.0,2,2.0,2,2.0,2.0,1
2.0,15,2.0,3.0,2728,5.0,4.0,4.0,3.0,3.0,2.0,1.0,35,1.0,2.0,3,3.0,2,2.0,2.0,1
2.0,6,2.0,3.0,484,1.0,4.0,3.0,4.0,3.0,3.0,1.0,28,1.0,2.0,1,2.0,2,1.0,2.0,1
2.0,10,1.0,3.0,1048,1.0,3.0,4.0,3.0,1.0,4.0,1.0,23,2.0,2.0,1,2.0,2,1.0,2.0,1
2.0,12,2.0,3.0,1155,1.0,5.0,3.0,4.0,3.0,3.0,1.0,40,1.0,2.0,2,3.0,2,1.0,2.0,1
2.0,20,3.0,1.0,7057,5.0,4.0,3.0,3.0,1.0,4.0,2.0,36,1.0,1.0,2,4.0,1,2.0,2.0,1
2.0,15,4.0,3.0,1537,5.0,3.0,4.0,3.0,3.0,4.0,1.0,50,3.0,2.0,2,3.0,2,2.0,2.0,1
1.0,12,2.0,3.0,2214,1.0,5.0,4.0,3.0,1.0,3.0,2.0,24,3.0,2.0,1,2.0,2,1.0,2.0,1
4.0,24,4.0,2.0,1585,1.0,4.0,4.0,3.0,1.0,3.0,2.0,40,3.0,2.0,2,3.0,2,1.0,2.0,1
2.0,10,2.0,2.0,1521,1.0,3.0,4.0,1.0,1.0,2.0,3.0,31,3.0,2.0,1,2.0,2,1.0,2.0,1
2.0,36,1.0,4.0,3990,5.0,2.0,3.0,2.0,1.0,2.0,4.0,29,1.0,2.0,1,1.0,2,1.0,2.0,1
3.0,18,2.0,2.0,3049,1.0,2.0,1.0,2.0,1.0,1.0,2.0,45,2.0,2.0,1,2.0,2,1.0,2.0,1
1.0,24,2.0,3.0,1282,2.0,3.0,4.0,2.0,1.0,2.0,3.0,32,3.0,2.0,1,2.0,2,1.0,2.0,0
4.0,60,2.0,3.0,10144,2.0,4.0,2.0,2.0,1.0,4.0,1.0,21,3.0,2.0,1,3.0,2,2.0,2.0,1
1.0,12,2.0,0.0,1168,1.0,3.0,4.0,4.0,1.0,3.0,1.0,27,3.0,2.0,1,2.0,2,1.0,2.0,1
2.0,6,2.0,5.0,454,1.0,2.0,3.0,4.0,1.0,1.0,2.0,22,3.0,2.0,1,2.0,2,1.0,2.0,1
4.0,15,3.0,1.0,3594,1.0,2.0,1.0,2.0,1.0,2.0,2.0,46,3.0,2.0,2,2.0,2,1.0,2.0,1
4.0,12,2.0,2.0,1768,1.0,3.0,3.0,3.0,1.0,2.0,1.0,24,3.0,1.0,1,2.0,2,1.0,2.0,1
4.0,60,3.0,3.0,14421,1.0,4.0,2.0,3.0,1.0,4.0,3.0,21,3.0,2.0,2,3.0,2,2.0,2.0,1
4.0,24,2.0,3.0,1413,1.0,3.0,4.0,4.0,1.0,4.0,2.0,28,3.0,2.0,1,3.0,2,1.0,2.0,1
2.0,45,4.0,1.0,4576,2.0,1.0,3.0,3.0,1.0,4.0,3.0,27,3.0,2.0,1,3.0,2,1.0,2.0,1
1.0,24,4.0,3.0,1231,4.0,5.0,4.0,2.0,1.0,4.0,2.0,75,3.0,1.0,2,4.0,2,2.0,2.0,1
1.0,36,2.0,1.0,8335,5.0,5.0,3.0,3.0,1.0,4.0,3.0,47,3.0,3.0,1,3.0,2,1.0,2.0,0
2.0,36,4.0,1.0,5800,1.0,3.0,3.0,3.0,1.0,4.0,3.0,33,3.0,2.0,2,3.0,2,2.0,2.0,1
1.0,18,3.0,6.0,8471,5.0,3.0,1.0,2.0,1.0,2.0,3.0,23,3.0,1.0,2,3.0,2,2.0,2.0,1
4.0,30,2.0,2.0,3622,4.0,5.0,4.0,2.0,1.0,4.0,2.0,57,3.0,1.0,2,3.0,2,2.0,2.0,1
1.0,6,4.0,3.0,1169,5.0,5.0,4.0,3.0,1.0,4.0,1.0,67,3.0,2.0,2,3.0,2,2.0,2.0,1
4.0,15,2.0,4.0,1262,3.0,4.0,4.0,3.0,1.0,3.0,2.0,36,3.0,2.0,2,3.0,2,2.0,2.0,1
3.0,18,4.0,2.0,3617,5.0,5.0,4.0,3.0,2.0,4.0,4.0,20,3.0,1.0,2,3.0,2,1.0,2.0,1
2.0,30,4.0,0.0,2181,5.0,5.0,4.0,3.0,1.0,4.0,1.0,36,3.0,2.0,2,3.0,2,1.0,2.0,1
1.0,48,1.0,9.0,7685,1.0,4.0,2.0,2.0,3.0,4.0,3.0,37,3.0,1.0,1,3.0,2,1.0,2.0,0
4.0,48,4.0,6.0,6110,1.0,3.0,1.0,3.0,1.0,3.0,4.0,31,1.0,3.0,1,3.0,2,2.0,2.0,1
4.0,24,2.0,0.0,2325,1.0,5.0,4.0,2.0,2.0,4.0,4.0,62,3.0,3.0,1,3.0,2,1.0,2.0,1
1.0,42,4.0,5.0,3394,1.0,1.0,4.0,3.0,2.0,4.0,3.0,65,3.0,2.0,2,1.0,2,1.0,2.0,1
4.0,36,4.0,9.0,6304,5.0,5.0,4.0,3.0,1.0,4.0,1.0,36,3.0,2.0,2,3.0,2,1.0,2.0,1
4.0,9,2.0,6.0,1244,5.0,5.0,4.0,2.0,1.0,4.0,2.0,41,3.0,1.0,2,2.0,2,1.0,2.0,1
4.0,6,2.0,0.0,3518,1.0,3.0,2.0,3.0,3.0,3.0,2.0,26,3.0,2.0,1,3.0,2,1.0,2.0,1
4.0,36,0.0,5.0,2613,1.0,3.0,4.0,3.0,1.0,2.0,3.0,27,3.0,2.0,2,3.0,2,1.0,2.0,1
1.0,48,2.0,3.0,7476,1.0,4.0,4.0,3.0,1.0,1.0,4.0,50,3.0,3.0,1,4.0,2,2.0,2.0,1
4.0,24,2.0,9.0,4591,4.0,3.0,2.0,3.0,1.0,3.0,2.0,54,3.0,2.0,3,4.0,2,2.0,2.0,0
2.0,18,2.0,2.0,1924,5.0,2.0,4.0,2.0,1.0,3.0,3.0,27,3.0,1.0,1,3.0,2,1.0,2.0,0
2.0,60,2.0,3.0,5595,2.0,3.0,2.0,4.0,1.0,2.0,3.0,24,3.0,2.0,1,3.0,2,1.0,2.0,0
2.0,48,3.0,6.0,6224,1.0,3.0,4.0,3.0,1.0,4.0,4.0,50,3.0,3.0,1,3.0,2,1.0,2.0,0
3.0,15,2.0,6.0,1905,1.0,5.0,4.0,3.0,1.0,4.0,3.0,40,3.0,1.0,1,4.0,2,2.0,2.0,1
4.0,36,3.0,1.0,8947,5.0,4.0,3.0,3.0,1.0,2.0,4.0,31,2.0,2.0,1,4.0,1,2.0,2.0,1
1.0,24,2.0,2.0,4020,1.0,3.0,2.0,3.0,1.0,2.0,3.0,27,2.0,2.0,1,3.0,2,1.0,2.0,1
2.0,18,2.0,1.0,2779,1.0,3.0,1.0,4.0,1.0,3.0,3.0,21,3.0,1.0,1,3.0,2,2.0,2.0,1
4.0,21,2.0,0.0,2782,3.0,4.0,1.0,2.0,1.0,2.0,3.0,31,1.0,2.0,1,4.0,2,1.0,2.0,1
4.0,12,2.0,0.0,1884,1.0,5.0,4.0,3.0,1.0,4.0,3.0,39,3.0,2.0,1,4.0,2,2.0,2.0,1
4.0,36,4.0,1.0,11054,5.0,3.0,4.0,3.0,1.0,2.0,3.0,30,3.0,2.0,1,4.0,2,2.0,2.0,1
2.0,60,3.0,3.0,9157,5.0,3.0,2.0,3.0,1.0,2.0,4.0,27,3.0,3.0,1,4.0,2,1.0,2.0,1
2.0,42,1.0,1.0,9283,1.0,1.0,1.0,3.0,1.0,2.0,4.0,55,1.0,3.0,1,4.0,2,2.0,2.0,1
4.0,60,2.0,0.0,2325,5.0,3.0,4.0,3.0,1.0,4.0,4.0,34,3.0,3.0,0,3.0,1,2.0,2.0,1
4.0,15,4.0,1.0,3368,4.0,5.0,3.0,3.0,1.0,4.0,4.0,23,3.0,1.0,2,3.0,2,2.0,2.0,1
1.0,15,2.0,0.0,2511,1.0,3.0,1.0,2.0,1.0,4.0,3.0,23,3.0,1.0,1,3.0,2,1.0,2.0,1
1.0,36,2.0,1.0,5493,1.0,5.0,2.0,3.0,1.0,4.0,4.0,42,3.0,3.0,1,3.0,1,1.0,2.0,1
4.0,6,2.0,4.0,1338,3.0,3.0,1.0,1.0,1.0,4.0,1.0,62,3.0,2.0,1,3.0,2,1.0,2.0,1
2.0,18,2.0,3.0,1082,1.0,5.0,4.0,3.0,1.0,4.0,3.0,37,3.0,2.0,2,2.0,0,1.0,2.0,1
4.0,18,4.0,3.0,1149,4.0,3.0,4.0,3.0,1.0,3.0,1.0,46,3.0,2.0,182,3.0,2,1.0,2.0,1
2.0,15,2.0,5.0,1308,1.0,5.0,4.0,3.0,1.0,4.0,3.0,38,3.0,2.0,2,2.0,2,1.0,2.0,1
2.0,20,0.0,1.0,6148,2.0,5.0,3.0,4.0,1.0,4.0,3.0,31,1.0,2.0,2,3.0,2,2.0,2.0,1
4.0,12,2.0,2.0,1736,5.0,4.0,3.0,2.0,1.0,4.0,1.0,31,3.0,2.0,1,2.0,2,1.0,2.0,1
4.0,12,2.0,3.0,3059,4.0,4.0,2.0,1.0,1.0,4.0,1.0,61,3.0,2.0,1,2.0,2,1.0,2.0,1
1.0,24,2.0,2.0,2996,5.0,3.0,2.0,4.0,1.0,4.0,3.0,20,3.0,2.0,1,3.0,2,1.0,2.0,0
4.0,30,4.0,1.0,7596,5.0,5.0,1.0,3.0,1.0,4.0,3.0,63,3.0,2.0,2,3.0,2,1.0,2.0,1
4.0,30,2.0,1.0,4811,5.0,4.0,2.0,2.0,1.0,4.0,2.0,24,2.0,1.0,1,2.0,2,1.0,2.0,1
4.0,6,2.0,2.0,1766,1.0,3.0,1.0,4.0,1.0,2.0,2.0,21,3.0,1.0,1,3.0,2,1.0,2.0,1
2.0,24,2.0,1.0,2760,5.0,5.0,4.0,3.0,1.0,4.0,4.0,36,1.0,3.0,1,3.0,2,2.0,2.0,1
4.0,24,4.0,5.0,5507,1.0,5.0,3.0,3.0,1.0,4.0,4.0,44,3.0,3.0,2,3.0,2,1.0,2.0,1
2.0,9,2.0,6.0,1199,1.0,4.0,4.0,2.0,1.0,4.0,2.0,67,3.0,2.0,2,4.0,2,2.0,2.0,1
3.0,24,2.0,2.0,2892,1.0,5.0,3.0,1.0,1.0,4.0,4.0,51,3.0,3.0,1,3.0,2,1.0,2.0,1
2.0,36,3.0,3.0,2862,2.0,5.0,4.0,3.0,1.0,3.0,4.0,30,3.0,3.0,1,3.0,2,1.0,2.0,1
4.0,9,2.0,0.0,654,1.0,3.0,4.0,3.0,1.0,3.0,3.0,28,3.0,2.0,1,2.0,2,1.0,2.0,0
2.0,9,4.0,6.0,1136,4.0,5.0,4.0,3.0,1.0,3.0,4.0,32,3.0,3.0,2,3.0,1,1.0,2.0,0
4.0,24,2.0,10.0,4113,1.0,2.0,3.0,2.0,1.0,4.0,3.0,28,3.0,1.0,1,3.0,2,1.0,2.0,0
2.0,6,2.0,0.0,14421,5.0,1.0,1.0,3.0,1.0,2.0,2.0,23,3.0,2.0,1,1.0,2,2.0,2.0,0
1.0,15,0.0,0.0,950,1.0,5.0,4.0,3.0,1.0,3.0,3.0,33,3.0,1.0,2,3.0,1,1.0,2.0,0
1.0,24,4.0,0.0,1199,1.0,5.0,4.0,3.0,1.0,4.0,3.0,60,3.0,2.0,2,2.0,2,1.0,2.0,0
1.0,12,0.0,0.0,1082,1.0,3.0,4.0,3.0,1.0,4.0,3.0,48,1.0,2.0,2,3.0,2,1.0,2.0,0
2.0,30,2.0,3.0,2150,1.0,3.0,4.0,2.0,3.0,2.0,4.0,24,1.0,2.0,1,3.0,2,1.0,2.0,0
2.0,36,4.0,0.0,2820,1.0,2.0,4.0,1.0,1.0,4.0,3.0,27,3.0,2.0,2,3.0,2,1.0,2.0,0
2.0,48,4.0,3.0,3060,1.0,4.0,4.0,3.0,1.0,4.0,1.0,28,3.0,2.0,2,3.0,2,1.0,2.0,0
1.0,18,2.0,3.0,2600,1.0,3.0,4.0,3.0,1.0,4.0,4.0,65,3.0,3.0,2,3.0,2,1.0,2.0,0
4.0,21,0.0,0.0,5003,5.0,3.0,1.0,2.0,1.0,4.0,2.0,29,1.0,2.0,2,3.0,2,2.0,2.0,0
2.0,60,2.0,6.0,6288,1.0,3.0,4.0,3.0,1.0,4.0,4.0,42,3.0,3.0,1,3.0,2,1.0,2.0,0
4.0,24,3.0,0.0,2538,1.0,5.0,4.0,3.0,1.0,4.0,3.0,47,3.0,2.0,2,2.0,1,1.0,2.0,0
4.0,9,2.0,3.0,1478,1.0,4.0,4.0,3.0,1.0,2.0,3.0,22,3.0,2.0,1,3.0,2,1.0,2.0,0
2.0,39,4.0,3.0,4933,1.0,4.0,2.0,3.0,3.0,2.0,1.0,25,3.0,2.0,2,3.0,2,1.0,2.0,0
4.0,18,4.0,0.0,1530,1.0,3.0,3.0,3.0,1.0,2.0,2.0,32,1.0,2.0,2,3.0,2,1.0,2.0,0
4.0,9,1.0,0.0,1437,2.0,4.0,2.0,3.0,1.0,3.0,4.0,29,3.0,2.0,1,3.0,2,1.0,2.0,0
1.0,15,2.0,4.0,1275,5.0,3.0,4.0,2.0,1.0,2.0,3.0,24,3.0,1.0,1,3.0,2,1.0,2.0,0
1.0,24,2.0,3.0,1823,1.0,1.0,4.0,3.0,1.0,2.0,3.0,30,2.0,2.0,1,4.0,1,1.0,2.0,0
1.0,9,2.0,0.0,1422,1.0,2.0,3.0,3.0,1.0,2.0,4.0,27,3.0,3.0,1,4.0,2,2.0,2.0,0
1.0,18,2.0,4.0,1217,1.0,3.0,4.0,4.0,1.0,3.0,1.0,47,3.0,2.0,0,2.0,2,2.0,2.0,0
1.0,36,3.0,9.0,2145,1.0,4.0,2.0,3.0,1.0,1.0,3.0,24,3.0,2.0,2,3.0,2,2.0,2.0,0
2.0,18,3.0,2.0,4297,1.0,5.0,4.0,1.0,1.0,3.0,4.0,40,3.0,2.0,1,4.0,2,2.0,2.0,0
1.0,6,4.0,2.0,3384,1.0,3.0,1.0,1.0,1.0,4.0,1.0,44,3.0,1.0,1,4.0,2,2.0,2.0,0
2.0,18,4.0,3.0,1245,1.0,3.0,4.0,4.0,1.0,2.0,3.0,33,3.0,2.0,1,3.0,2,1.0,2.0,0
4.0,15,2.0,6.0,4623,2.0,3.0,3.0,3.0,1.0,2.0,2.0,40,3.0,2.0,1,4.0,2,2.0,2.0,0
2.0,30,4.0,10.0,8386,1.0,3.0,2.0,3.0,1.0,2.0,2.0,49,3.0,2.0,1,3.0,2,1.0,2.0,0
1.0,24,3.0,3.0,1024,1.0,2.0,4.0,4.0,3.0,4.0,1.0,48,2.0,2.0,1,3.0,2,1.0,2.0,0
2.0,36,2.0,0.0,14318,1.0,5.0,4.0,3.0,1.0,2.0,4.0,57,3.0,3.0,1,4.0,2,2.0,2.0,0
4.0,6,1.0,6.0,433,4.0,2.0,4.0,2.0,1.0,2.0,2.0,24,1.0,1.0,1,3.0,1,1.0,2.0,0
1.0,12,1.0,3.0,2149,1.0,3.0,4.0,1.0,1.0,1.0,4.0,29,3.0,3.0,1,3.0,2,1.0,2.0,0
4.0,24,2.0,3.0,2397,3.0,5.0,3.0,3.0,1.0,2.0,3.0,35,1.0,3.0,2,3.0,2,2.0,2.0,0
2.0,18,1.0,0.0,931,2.0,2.0,1.0,2.0,1.0,1.0,2.0,32,2.0,2.0,1,2.0,2,1.0,2.0,0
2.0,15,3.0,5.0,1512,4.0,3.0,3.0,4.0,1.0,3.0,2.0,61,2.0,2.0,2,3.0,2,1.0,2.0,0
2.0,24,0.0,9.0,4241,1.0,3.0,1.0,3.0,1.0,4.0,3.0,36,3.0,2.0,3,2.0,2,2.0,2.0,0
2.0,24,4.0,2.0,4736,1.0,2.0,2.0,2.0,1.0,4.0,3.0,25,1.0,2.0,1,2.0,2,1.0,2.0,0
2.0,15,0.0,0.0,1778,1.0,2.0,2.0,2.0,1.0,1.0,1.0,26,3.0,1.0,2,1.0,2,1.0,2.0,0
3.0,15,2.0,3.0,2327,1.0,2.0,4.0,2.0,1.0,3.0,1.0,25,3.0,2.0,1,2.0,2,1.0,2.0,0
1.0,24,1.0,2.0,6872,1.0,2.0,2.0,1.0,1.0,1.0,2.0,55,1.0,2.0,1,3.0,2,2.0,2.0,0
1.0,12,2.0,6.0,795,1.0,2.0,4.0,2.0,1.0,4.0,2.0,53,3.0,2.0,1,3.0,2,1.0,2.0,0
3.0,30,3.0,9.0,1908,1.0,5.0,4.0,3.0,1.0,4.0,1.0,33,3.0,2.0,1,4.0,140,2.0,2.0,0
2.0,36,0.0,9.0,1953,1.0,3.0,4.0,3.0,1.0,4.0,4.0,61,3.0,3.0,1,4.0,2,2.0,2.0,0
3.0,18,2.0,2.0,2325,1.0,3.0,2.0,3.0,1.0,1.0,1.0,34,3.0,2.0,1,2.0,1,1.0,2.0,0
3.0,21,4.0,6.0,2319,1.0,2.0,2.0,1.0,1.0,1.0,3.0,33,3.0,1.0,1,3.0,2,1.0,2.0,0
1.0,24,2.0,0.0,915,5.0,5.0,4.0,2.0,1.0,2.0,3.0,29,1.0,2.0,1,3.0,2,1.0,2.0,0
3.0,24,2.0,0.0,947,1.0,4.0,4.0,3.0,1.0,3.0,4.0,38,1.0,3.0,1,3.0,1,1.0,2.0,0
1.0,24,2.0,0.0,1381,5.0,3.0,4.0,2.0,1.0,2.0,2.0,35,3.0,2.0,1,4.0,2,1.0,2.0,0
1.0,24,2.0,0.0,1285,5.0,4.0,4.0,2.0,1.0,4.0,4.0,32,3.0,1.0,1,3.0,2,1.0,2.0,0
1.0,24,2.0,0.0,1371,5.0,3.0,4.0,2.0,1.0,4.0,1.0,25,3.0,1.0,0,3.0,2,1.0,2.0,0
2.0,18,2.0,0.0,1042,5.0,3.0,4.0,2.0,1.0,2.0,2.0,33,3.0,2.0,1,3.0,2,1.0,2.0,0
1.0,12,2.0,0.0,900,5.0,3.0,4.0,4.0,1.0,2.0,3.0,23,3.0,2.0,1,3.0,2,1.0,2.0,0
1.0,24,2.0,0.0,1207,1.0,2.0,4.0,2.0,1.0,4.0,2.0,24,3.0,1.0,1,3.0,2,1.0,2.0,0
2.0,18,0.0,0.0,2278,2.0,2.0,3.0,2.0,1.0,3.0,3.0,28,3.0,2.0,2,3.0,2,1.0,2.0,0
1.0,60,3.0,9.0,6836,1.0,5.0,3.0,3.0,1.0,4.0,4.0,63,3.0,2.0,2,3.0,2,2.0,2.0,0
4.0,24,2.0,2.0,3345,1.0,5.0,4.0,3.0,1.0,2.0,2.0,39,3.0,1.0,1,4.0,2,2.0,2.0,0
1.0,6,1.0,6.0,1198,1.0,5.0,4.0,2.0,1.0,4.0,4.0,35,3.0,3.0,1,3.0,2,1.0,2.0,0
2.0,48,2.0,3.0,14421,1.0,3.0,2.0,3.0,1.0,2.0,3.0,23,3.0,2.0,0,3.0,2,2.0,2.0,0
1.0,60,2.0,9.0,7297,1.0,5.0,4.0,3.0,1.0,4.0,4.0,36,3.0,1.0,1,3.0,2,1.0,2.0,0
4.0,18,2.0,5.0,1943,1.0,2.0,4.0,2.0,1.0,4.0,1.0,75,3.0,2.0,1,3.0,2,1.0,2.0,0
1.0,18,2.0,3.0,3190,1.0,3.0,2.0,2.0,1.0,2.0,1.0,24,3.0,2.0,1,3.0,2,1.0,2.0,0
2.0,9,1.0,1.0,5129,1.0,5.0,2.0,2.0,1.0,4.0,4.0,74,1.0,3.0,1,4.0,1,2.0,2.0,0
4.0,18,3.0,2.0,1808,1.0,4.0,4.0,2.0,1.0,1.0,1.0,22,3.0,2.0,1,3.0,2,1.0,2.0,0
3.0,10,2.0,0.0,1240,2.0,5.0,1.0,2.0,1.0,4.0,4.0,48,3.0,3.0,14,2.0,1,1.0,2.0,0
1.0,12,2.0,0.0,759,1.0,4.0,4.0,3.0,1.0,2.0,1.0,26,3.0,2.0,1,3.0,2,1.0,2.0,0
4.0,9,2.0,2.0,1980,1.0,2.0,4.0,2.0,2.0,2.0,3.0,20,3.0,1.0,2,3.0,2,1.0,2.0,0
2.0,48,2.0,3.0,10961,4.0,4.0,1.0,3.0,2.0,2.0,4.0,27,1.0,2.0,0,4.0,192,2.0,2.0,0
1.0,36,3.0,6.0,6887,1.0,3.0,4.0,3.0,1.0,3.0,2.0,29,2.0,2.0,1,3.0,2,2.0,2.0,0
1.0,24,2.0,3.0,1938,1.0,2.0,4.0,1.0,1.0,3.0,2.0,32,3.0,2.0,1,3.0,2,1.0,2.0,0
1.0,21,2.0,3.0,1835,1.0,3.0,3.0,2.0,1.0,2.0,1.0,25,3.0,2.0,2,3.0,2,2.0,2.0,0
2.0,6,3.0,0.0,1209,1.0,1.0,4.0,3.0,1.0,4.0,2.0,47,3.0,2.0,1,4.0,2,2.0,2.0,0
2.0,48,0.0,9.0,3844,2.0,4.0,4.0,3.0,1.0,4.0,4.0,34,3.0,3.0,1,2.0,1,1.0,2.0,0
1.0,12,4.0,0.0,4843,1.0,5.0,3.0,3.0,2.0,4.0,2.0,43,3.0,1.0,2,3.0,2,2.0,2.0,0
2.0,12,2.0,5.0,639,1.0,3.0,4.0,3.0,1.0,2.0,3.0,30,3.0,2.0,1,3.0,2,1.0,2.0,0
2.0,48,2.0,3.0,5951,1.0,3.0,2.0,2.0,1.0,2.0,1.0,22,3.0,2.0,1,3.0,2,1.0,2.0,0
2.0,36,0.0,3.0,3804,1.0,3.0,4.0,2.0,1.0,1.0,3.0,42,3.0,2.0,1,3.0,2,2.0,2.0,0
4.0,36,3.0,3.0,4463,1.0,3.0,4.0,3.0,1.0,2.0,3.0,26,3.0,2.0,2,4.0,2,2.0,2.0,0
4.0,18,3.0,9.0,7980,5.0,2.0,4.0,3.0,1.0,4.0,3.0,27,3.0,1.0,2,3.0,2,2.0,2.0,0
3.0,36,2.0,3.0,4210,1.0,3.0,4.0,3.0,1.0,2.0,3.0,26,3.0,2.0,1,3.0,2,1.0,2.0,0
4.0,6,2.0,2.0,4611,1.0,2.0,1.0,2.0,1.0,4.0,2.0,32,3.0,2.0,1,3.0,2,1.0,2.0,0
2.0,24,2.0,1.0,11560,1.0,3.0,1.0,2.0,1.0,4.0,3.0,23,3.0,1.0,2,4.0,2,1.0,2.0,0
4.0,18,0.0,9.0,4165,1.0,3.0,2.0,3.0,1.0,2.0,3.0,36,2.0,2.0,2,3.0,1,1.0,2.0,0
2.0,24,2.0,2.0,4057,1.0,4.0,3.0,1.0,1.0,3.0,3.0,43,3.0,2.0,1,3.0,2,2.0,2.0,0
4.0,18,1.0,0.0,2325,1.0,5.0,2.0,3.0,1.0,4.0,4.0,39,1.0,2.0,2,4.0,1,2.0,2.0,0
4.0,12,2.0,0.0,1386,3.0,3.0,2.0,3.0,1.0,2.0,2.0,26,3.0,2.0,1,3.0,2,1.0,2.0,0
1.0,36,2.0,6.0,1977,5.0,5.0,4.0,3.0,1.0,4.0,4.0,40,3.0,2.0,1,4.0,2,2.0,2.0,0
2.0,18,4.0,2.0,1928,1.0,2.0,4.0,3.0,1.0,2.0,1.0,31,3.0,2.0,2,2.0,2,1.0,2.0,0
4.0,12,2.0,2.0,2325,3.0,3.0,4.0,2.0,1.0,4.0,3.0,29,3.0,1.0,1,2.0,2,1.0,2.0,0
2.0,24,2.0,10.0,11328,1.0,3.0,2.0,3.0,2.0,3.0,3.0,29,1.0,2.0,2,4.0,2,2.0,2.0,0
2.0,24,4.0,10.0,11938,1.0,3.0,2.0,3.0,2.0,3.0,3.0,75,3.0,2.0,2,4.0,1,2.0,2.0,0
2.0,27,4.0,3.0,2520,3.0,3.0,4.0,3.0,1.0,2.0,2.0,23,3.0,2.0,2,2.0,2,1.0,2.0,0
2.0,30,3.0,3.0,1919,5.0,2.0,4.0,3.0,1.0,3.0,4.0,30,2.0,2.0,2,4.0,2,1.0,2.0,0
2.0,60,4.0,10.0,14421,2.0,5.0,3.0,2.0,1.0,4.0,4.0,60,1.0,3.0,2,4.0,2,2.0,2.0,0
2.0,36,2.0,3.0,2671,2.0,3.0,4.0,2.0,2.0,4.0,4.0,50,3.0,3.0,1,3.0,2,1.0,2.0,0
2.0,36,2.0,6.0,12612,1.0,3.0,1.0,3.0,1.0,4.0,4.0,47,3.0,3.0,1,3.0,1,2.0,2.0,0
2.0,45,2.0,3.0,3031,2.0,5.0,4.0,3.0,3.0,4.0,2.0,21,3.0,1.0,1,3.0,2,1.0,2.0,0
1.0,12,1.0,3.0,626,1.0,3.0,4.0,2.0,1.0,4.0,1.0,24,1.0,2.0,1,2.0,2,1.0,2.0,0
2.0,24,4.0,9.0,1935,1.0,5.0,4.0,1.0,1.0,4.0,1.0,31,3.0,2.0,2,3.0,2,2.0,2.0,0
3.0,24,4.0,0.0,1344,5.0,4.0,4.0,3.0,1.0,4.0,1.0,37,1.0,2.0,2,2.0,1,1.0,2.0,0
4.0,18,2.0,2.0,1533,1.0,2.0,4.0,4.0,2.0,1.0,2.0,43,3.0,2.0,1,2.0,1,1.0,2.0,0
1.0,48,2.0,0.0,3931,1.0,4.0,4.0,3.0,1.0,4.0,4.0,46,3.0,3.0,1,3.0,1,1.0,2.0,0
1.0,24,1.0,2.0,3349,3.0,2.0,4.0,3.0,1.0,4.0,4.0,30,3.0,3.0,1,3.0,1,2.0,2.0,0
1.0,36,2.0,3.0,2302,1.0,3.0,4.0,1.0,1.0,4.0,3.0,31,3.0,1.0,75,3.0,2,1.0,2.0,0
1.0,42,2.0,3.0,3965,1.0,3.0,4.0,3.0,1.0,3.0,3.0,34,3.0,2.0,1,3.0,2,1.0,2.0,0
1.0,12,2.0,3.0,727,2.0,2.0,4.0,4.0,1.0,3.0,4.0,33,3.0,2.0,1,2.0,2,2.0,2.0,0
4.0,48,2.0,9.0,3914,5.0,3.0,4.0,1.0,1.0,2.0,1.0,38,1.0,2.0,1,3.0,2,1.0,2.0,0
1.0,48,2.0,9.0,4308,1.0,2.0,3.0,2.0,1.0,4.0,2.0,24,3.0,1.0,1,3.0,2,1.0,2.0,0
2.0,12,2.0,3.0,1534,1.0,2.0,1.0,4.0,1.0,1.0,1.0,23,3.0,1.0,1,3.0,2,1.0,2.0,0
4.0,18,4.0,0.0,2775,1.0,4.0,2.0,3.0,1.0,2.0,2.0,31,1.0,2.0,2,3.0,2,1.0,2.0,0
1.0,40,4.0,6.0,5998,1.0,3.0,4.0,3.0,1.0,3.0,4.0,27,1.0,2.0,1,3.0,2,2.0,2.0,0
3.0,15,4.0,3.0,1271,5.0,3.0,3.0,3.0,1.0,4.0,4.0,39,3.0,3.0,2,4.0,2,2.0,2.0,0
2.0,12,2.0,3.0,1295,1.0,2.0,3.0,2.0,1.0,1.0,3.0,25,3.0,1.0,1,3.0,2,1.0,2.0,0
2.0,36,2.0,1.0,9398,1.0,2.0,1.0,4.0,1.0,4.0,3.0,28,3.0,1.0,1,4.0,2,2.0,2.0,0
2.0,12,2.0,2.0,951,2.0,2.0,4.0,2.0,1.0,4.0,3.0,27,1.0,1.0,264,3.0,2,1.0,2.0,0
2.0,24,2.0,0.0,1355,1.0,2.0,3.0,2.0,1.0,4.0,3.0,25,3.0,2.0,1,2.0,2,2.0,2.0,0
1.0,48,2.0,4.0,3051,1.0,3.0,3.0,3.0,1.0,4.0,3.0,54,3.0,2.0,0,3.0,0,1.0,2.0,0
4.0,36,4.0,0.0,7855,5.0,3.0,4.0,2.0,1.0,2.0,1.0,25,2.0,2.0,2,3.0,2,2.0,2.0,0
4.0,18,2.0,3.0,2325,1.0,1.0,3.0,2.0,2.0,4.0,1.0,22,3.0,1.0,0,3.0,2,1.0,2.0,0
4.0,36,3.0,9.0,9572,1.0,2.0,1.0,1.0,1.0,1.0,3.0,28,3.0,2.0,2,3.0,2,1.0,2.0,0
2.0,24,1.0,6.0,1837,1.0,4.0,4.0,2.0,1.0,4.0,4.0,34,3.0,3.0,1,2.0,2,1.0,2.0,0
2.0,30,4.0,0.0,4249,1.0,1.0,4.0,4.0,1.0,2.0,3.0,28,3.0,2.0,2,4.0,2,1.0,2.0,0
2.0,30,4.0,0.0,5234,1.0,1.0,4.0,4.0,1.0,2.0,3.0,28,3.0,2.0,2,4.0,2,1.0,2.0,0
1.0,48,2.0,3.0,6758,1.0,3.0,3.0,2.0,1.0,2.0,3.0,31,3.0,2.0,1,3.0,110,2.0,2.0,0
1.0,9,2.0,3.0,1366,1.0,2.0,3.0,2.0,1.0,4.0,2.0,22,3.0,1.0,1,3.0,2,1.0,2.0,0
1.0,24,1.0,10.0,1358,5.0,5.0,4.0,3.0,1.0,3.0,3.0,40,2.0,2.0,1,4.0,2,2.0,2.0,0
1.0,18,2.0,2.0,2473,1.0,1.0,4.0,3.0,1.0,1.0,3.0,25,3.0,2.0,1,1.0,2,1.0,2.0,0
3.0,9,0.0,3.0,1337,1.0,2.0,4.0,3.0,1.0,2.0,3.0,34,3.0,2.0,2,4.0,2,2.0,2.0,0
1.0,48,2.0,0.0,7763,1.0,5.0,4.0,3.0,1.0,4.0,4.0,42,1.0,3.0,1,4.0,2,1.0,2.0,0
2.0,15,1.0,0.0,1264,2.0,3.0,2.0,4.0,1.0,2.0,2.0,25,3.0,1.0,1,3.0,2,1.0,2.0,0
2.0,15,2.0,0.0,2631,2.0,3.0,2.0,2.0,1.0,4.0,3.0,28,3.0,1.0,2,3.0,2,2.0,2.0,0
2.0,48,2.0,0.0,6560,2.0,4.0,3.0,3.0,1.0,2.0,4.0,24,3.0,2.0,1,3.0,2,1.0,2.0,0
1.0,24,2.0,0.0,3123,1.0,2.0,4.0,2.0,1.0,1.0,2.0,27,3.0,2.0,1,3.0,2,1.0,2.0,0
1.0,36,4.0,6.0,8065,1.0,3.0,3.0,2.0,1.0,2.0,4.0,25,3.0,2.0,2,4.0,2,2.0,2.0,0
1.0,24,2.0,3.0,2439,1.0,2.0,4.0,2.0,1.0,4.0,1.0,35,3.0,2.0,1,3.0,2,2.0,2.0,0
2.0,36,2.0,2.0,9034,2.0,2.0,4.0,3.0,2.0,1.0,4.0,29,3.0,1.0,1,4.0,2,2.0,2.0,0
2.0,60,2.0,0.0,14027,1.0,4.0,4.0,3.0,1.0,2.0,4.0,27,3.0,2.0,1,4.0,2,2.0,2.0,0
1.0,36,4.0,1.0,9629,1.0,4.0,4.0,3.0,1.0,4.0,3.0,24,3.0,2.0,2,3.0,2,2.0,2.0,0
2.0,12,2.0,3.0,1484,5.0,3.0,2.0,4.0,1.0,1.0,1.0,25,3.0,2.0,1,3.0,2,2.0,2.0,0
1.0,18,2.0,2.0,1131,1.0,1.0,4.0,2.0,1.0,2.0,3.0,33,3.0,2.0,1,3.0,2,1.0,2.0,0
2.0,24,3.0,2.0,2064,1.0,1.0,3.0,2.0,1.0,2.0,2.0,34,3.0,2.0,1,4.0,2,2.0,2.0,0
2.0,18,2.0,1.0,12976,1.0,1.0,3.0,2.0,1.0,4.0,4.0,38,3.0,3.0,1,4.0,2,2.0,2.0,0
4.0,21,3.0,9.0,2580,3.0,2.0,4.0,3.0,1.0,2.0,1.0,41,1.0,2.0,1,2.0,1,1.0,2.0,0
4.0,27,2.0,0.0,2570,1.0,3.0,3.0,2.0,1.0,3.0,1.0,21,3.0,1.0,1,3.0,2,1.0,2.0,0
2.0,27,2.0,9.0,3915,1.0,3.0,4.0,3.0,1.0,2.0,3.0,36,3.0,2.0,1,3.0,1,2.0,2.0,0
4.0,10,2.0,0.0,1309,5.0,3.0,4.0,3.0,3.0,4.0,2.0,27,3.0,2.0,73,2.0,2,1.0,2.0,0
1.0,24,2.0,0.0,4817,1.0,4.0,2.0,3.0,2.0,3.0,2.0,31,3.0,2.0,1,3.0,2,2.0,2.0,0
1.0,12,2.0,0.0,2579,1.0,2.0,4.0,3.0,1.0,1.0,1.0,33,3.0,2.0,1,2.0,1,1.0,2.0,0
2.0,36,3.0,0.0,2225,1.0,5.0,4.0,3.0,1.0,4.0,4.0,57,1.0,3.0,2,3.0,2,2.0,2.0,0
1.0,18,2.0,2.0,4153,1.0,3.0,2.0,3.0,2.0,3.0,3.0,42,3.0,2.0,1,3.0,2,1.0,2.0,0
1.0,18,0.0,2.0,3114,1.0,2.0,1.0,2.0,1.0,4.0,2.0,26,3.0,1.0,1,3.0,2,1.0,2.0,0
1.0,18,4.0,2.0,2124,1.0,3.0,4.0,2.0,1.0,4.0,1.0,24,3.0,1.0,2,3.0,2,1.0,2.0,0
1.0,18,1.0,2.0,1553,5.0,3.0,4.0,3.0,1.0,3.0,3.0,44,1.0,2.0,1,3.0,2,1.0,2.0,0
1.0,30,2.0,2.0,2406,1.0,4.0,4.0,2.0,1.0,4.0,1.0,23,3.0,1.0,1,3.0,2,1.0,2.0,0
1.0,24,3.0,0.0,1333,1.0,1.0,4.0,3.0,1.0,2.0,1.0,43,3.0,3.0,2,3.0,1,1.0,2.0,0
1.0,48,0.0,2.0,7119,1.0,3.0,3.0,3.0,1.0,4.0,4.0,53,3.0,3.0,2,3.0,1,1.0,2.0,0
1.0,24,3.0,3.0,4870,1.0,3.0,3.0,3.0,1.0,4.0,4.0,53,3.0,3.0,2,3.0,1,1.0,2.0,0
1.0,12,4.0,0.0,691,1.0,5.0,4.0,3.0,1.0,3.0,2.0,35,3.0,2.0,166,3.0,2,1.0,2.0,0
1.0,42,3.0,3.0,4370,1.0,4.0,3.0,3.0,1.0,2.0,2.0,26,1.0,2.0,2,3.0,1,2.0,2.0,0
1.0,36,1.0,2.0,2746,1.0,5.0,4.0,3.0,1.0,4.0,3.0,31,1.0,2.0,1,3.0,2,1.0,2.0,0
1.0,24,0.0,2.0,4110,1.0,5.0,3.0,3.0,1.0,4.0,3.0,23,1.0,1.0,2,3.0,1,1.0,2.0,0
4.0,18,2.0,2.0,2462,1.0,3.0,2.0,3.0,1.0,2.0,3.0,22,3.0,2.0,1,3.0,2,1.0,2.0,0
1.0,12,2.0,2.0,1282,1.0,3.0,2.0,2.0,1.0,4.0,3.0,20,3.0,1.0,1,3.0,2,1.0,2.0,0
2.0,12,0.0,2.0,2969,1.0,2.0,4.0,2.0,1.0,3.0,2.0,25,3.0,1.0,2,3.0,2,1.0,2.0,0
1.0,48,0.0,1.0,4605,1.0,5.0,4.0,3.0,1.0,4.0,4.0,24,3.0,3.0,2,3.0,1,1.0,2.0,0
1.0,48,4.0,1.0,6331,1.0,5.0,4.0,3.0,1.0,4.0,4.0,46,3.0,3.0,2,3.0,2,2.0,2.0,0
1.0,24,2.0,2.0,3552,1.0,4.0,3.0,3.0,1.0,4.0,3.0,27,1.0,2.0,1,4.0,2,1.0,2.0,0
1.0,12,1.0,0.0,697,1.0,2.0,4.0,3.0,1.0,2.0,3.0,46,1.0,2.0,2,3.0,2,2.0,2.0,0
1.0,24,2.0,0.0,1442,1.0,4.0,4.0,2.0,1.0,4.0,3.0,23,3.0,1.0,2,3.0,2,1.0,2.0,0
1.0,27,0.0,9.0,5293,1.0,1.0,2.0,3.0,1.0,4.0,2.0,50,3.0,2.0,2,3.0,2,2.0,2.0,0
1.0,21,3.0,6.0,3414,1.0,2.0,2.0,3.0,1.0,1.0,2.0,26,2.0,2.0,2,3.0,2,1.0,2.0,0
1.0,18,2.0,2.0,2039,1.0,3.0,1.0,2.0,1.0,4.0,1.0,20,3.0,1.0,1,3.0,2,1.0,2.0,0
1.0,24,1.0,9.0,3161,1.0,3.0,4.0,3.0,1.0,2.0,2.0,31,1.0,2.0,1,3.0,2,2.0,2.0,0
1.0,48,2.0,1.0,10297,1.0,4.0,4.0,3.0,1.0,4.0,4.0,39,3.0,3.0,3,3.0,1,2.0,2.0,0
2.0,48,0.0,9.0,14421,1.0,3.0,2.0,3.0,1.0,2.0,3.0,25,2.0,2.0,1,3.0,2,2.0,2.0,0
2.0,18,4.0,0.0,1056,1.0,5.0,3.0,3.0,3.0,3.0,1.0,30,3.0,2.0,2,3.0,2,1.0,2.0,0
1.0,12,2.0,0.0,1274,1.0,2.0,3.0,2.0,1.0,1.0,1.0,37,1.0,2.0,1,2.0,2,1.0,2.0,0
2.0,12,2.0,0.0,1223,1.0,5.0,1.0,1.0,1.0,1.0,1.0,46,3.0,1.0,2,3.0,2,1.0,2.0,0
1.0,12,2.0,0.0,1372,1.0,4.0,2.0,1.0,1.0,3.0,3.0,36,3.0,2.0,1,3.0,2,1.0,2.0,0
1.0,16,4.0,0.0,2625,1.0,5.0,2.0,3.0,3.0,4.0,2.0,43,3.0,1.0,1,3.0,607,2.0,1.0,0
1.0,20,4.0,0.0,2235,1.0,3.0,4.0,4.0,3.0,2.0,2.0,33,1.0,1.0,2,3.0,2,1.0,1.0,0
2.0,9,2.0,2.0,959,1.0,3.0,1.0,2.0,1.0,2.0,3.0,29,1.0,2.0,1,3.0,2,1.0,2.0,0
2.0,18,4.0,0.0,884,1.0,5.0,4.0,3.0,3.0,4.0,3.0,36,3.0,2.0,1,3.0,1,2.0,2.0,0
2.0,24,2.0,0.0,1246,1.0,2.0,4.0,3.0,1.0,2.0,1.0,23,1.0,2.0,1,2.0,2,1.0,2.0,0
2.0,36,3.0,0.0,8086,5.0,5.0,2.0,3.0,1.0,4.0,3.0,42,2.0,2.0,4,4.0,2,2.0,2.0,0
4.0,48,4.0,0.0,10127,3.0,3.0,2.0,3.0,1.0,2.0,4.0,44,3.0,3.0,1,3.0,2,1.0,2.0,0
2.0,12,2.0,0.0,888,1.0,5.0,4.0,3.0,1.0,4.0,3.0,41,1.0,2.0,1,2.0,521,1.0,2.0,0
4.0,12,2.0,6.0,719,1.0,5.0,4.0,3.0,1.0,4.0,3.0,41,1.0,2.0,1,2.0,1,1.0,2.0,0
2.0,36,2.0,0.0,12389,5.0,3.0,1.0,3.0,3.0,4.0,4.0,37,1.0,3.0,1,3.0,2,2.0,2.0,0
1.0,12,4.0,3.0,709,1.0,5.0,4.0,3.0,1.0,4.0,1.0,57,3.0,2.0,1,2.0,2,1.0,2.0,0
2.0,15,1.0,0.0,6850,2.0,1.0,1.0,3.0,1.0,2.0,2.0,34,2.0,2.0,409,4.0,1,2.0,2.0,0
4.0,10,2.0,2.0,2210,1.0,3.0,2.0,3.0,1.0,2.0,1.0,25,3.0,1.0,1,2.0,2,1.0,2.0,0
4.0,30,1.0,1.0,7485,5.0,1.0,4.0,2.0,1.0,1.0,1.0,53,1.0,2.0,1,4.0,2,2.0,2.0,0
1.0,18,1.0,0.0,1442,1.0,4.0,4.0,3.0,1.0,4.0,4.0,32,1.0,3.0,2,2.0,1,1.0,2.0,0
4.0,12,4.0,3.0,797,5.0,5.0,4.0,2.0,1.0,3.0,2.0,33,3.0,2.0,1,2.0,1,1.0,2.0,0
2.0,45,4.0,3.0,4746,1.0,2.0,4.0,3.0,1.0,2.0,2.0,24,1.0,2.0,2,2.0,2,1.0,2.0,0
2.0,21,2.0,9.0,1188,1.0,5.0,2.0,2.0,1.0,4.0,2.0,39,3.0,2.0,1,3.0,1,1.0,2.0,0
4.0,48,4.0,1.0,11590,2.0,3.0,2.0,2.0,1.0,4.0,3.0,24,3.0,1.0,2,2.0,2,1.0,2.0,0
3.0,12,1.0,9.0,609,1.0,2.0,4.0,2.0,1.0,1.0,1.0,26,1.0,2.0,1,1.0,2,1.0,2.0,0
1.0,18,4.0,5.0,1190,1.0,1.0,2.0,2.0,1.0,4.0,4.0,55,3.0,3.0,3,1.0,1,1.0,2.0,0
2.0,21,2.0,9.0,2767,2.0,5.0,4.0,1.0,1.0,2.0,3.0,61,3.0,1.0,0,2.0,2,1.0,2.0,0
2.0,30,2.0,2.0,3441,2.0,3.0,2.0,2.0,2.0,4.0,3.0,21,1.0,1.0,1,3.0,2,1.0,2.0,0
2.0,30,0.0,9.0,4280,2.0,3.0,4.0,2.0,1.0,4.0,3.0,26,3.0,1.0,2,2.0,2,1.0,2.0,0
2.0,24,2.0,3.0,3092,2.0,2.0,3.0,4.0,1.0,2.0,3.0,22,3.0,1.0,1,3.0,2,2.0,2.0,0
4.0,18,2.0,0.0,6761,5.0,3.0,2.0,3.0,1.0,4.0,3.0,68,2.0,1.0,2,3.0,2,1.0,2.0,0
2.0,12,2.0,3.0,1331,1.0,2.0,2.0,3.0,1.0,1.0,3.0,22,3.0,2.0,1,3.0,2,1.0,2.0,0
2.0,54,0.0,9.0,14421,1.0,2.0,3.0,3.0,1.0,4.0,4.0,58,3.0,1.0,1,3.0,2,2.0,2.0,0
1.0,24,2.0,2.0,3234,1.0,2.0,4.0,2.0,1.0,4.0,1.0,23,3.0,1.0,1,2.0,2,2.0,2.0,0
2.0,15,2.0,3.0,802,1.0,5.0,4.0,3.0,1.0,3.0,3.0,37,3.0,2.0,1,3.0,1,1.0,2.0,0
2.0,48,2.0,2.0,9960,1.0,2.0,1.0,2.0,1.0,2.0,3.0,26,1.0,2.0,1,3.0,2,2.0,2.0,0
4.0,24,3.0,9.0,8648,1.0,2.0,2.0,3.0,1.0,2.0,3.0,27,1.0,2.0,2,3.0,2,2.0,2.0,0
1.0,18,2.0,3.0,1345,5.0,3.0,4.0,4.0,1.0,4.0,1.0,26,3.0,2.0,1,3.0,2,1.0,2.0,0
1.0,45,2.0,3.0,1845,1.0,3.0,4.0,3.0,1.0,4.0,4.0,23,3.0,3.0,1,3.0,2,2.0,2.0,0
1.0,21,1.0,0.0,1647,5.0,3.0,4.0,3.0,1.0,2.0,2.0,40,1.0,2.0,2,2.0,1,1.0,2.0,0
4.0,48,2.0,9.0,4844,1.0,1.0,3.0,3.0,1.0,2.0,3.0,33,3.0,1.0,1,4.0,2,2.0,2.0,0
2.0,27,0.0,9.0,8318,1.0,5.0,2.0,2.0,1.0,4.0,4.0,42,2.0,3.0,2,4.0,578,2.0,2.0,0
3.0,18,2.0,3.0,2100,1.0,3.0,4.0,3.0,2.0,2.0,1.0,37,3.0,2.0,1,3.0,2,1.0,2.0,0
1.0,45,0.0,9.0,11816,1.0,5.0,2.0,3.0,1.0,4.0,3.0,29,3.0,1.0,2,3.0,2,1.0,2.0,0
1.0,6,2.0,6.0,448,1.0,2.0,4.0,2.0,1.0,4.0,2.0,23,3.0,2.0,1,3.0,2,1.0,2.0,0
1.0,30,2.0,5.0,11998,1.0,2.0,1.0,1.0,1.0,1.0,4.0,34,1.0,2.0,1,2.0,2,2.0,2.0,0
2.0,48,0.0,10.0,14421,1.0,3.0,1.0,2.0,1.0,2.0,2.0,32,1.0,2.0,1,4.0,2,2.0,1.0,0
1.0,6,2.0,0.0,14421,1.0,5.0,1.0,3.0,1.0,4.0,4.0,68,1.0,2.0,1,4.0,2,2.0,2.0,0
2.0,12,2.0,2.0,2762,5.0,5.0,1.0,2.0,1.0,4.0,2.0,25,3.0,2.0,1,3.0,2,2.0,2.0,0
1.0,12,4.0,1.0,3386,1.0,5.0,3.0,3.0,1.0,4.0,4.0,35,3.0,3.0,1,3.0,2,2.0,2.0,0
2.0,24,2.0,3.0,2039,1.0,2.0,1.0,4.0,1.0,1.0,2.0,22,3.0,2.0,1,3.0,2,2.0,2.0,0
4.0,18,2.0,9.0,2169,1.0,3.0,4.0,4.0,1.0,4.0,3.0,28,3.0,2.0,1,3.0,2,2.0,2.0,0
2.0,48,4.0,2.0,5096,1.0,3.0,2.0,2.0,1.0,3.0,3.0,30,3.0,2.0,1,4.0,2,2.0,2.0,0
1.0,18,2.0,3.0,1882,1.0,3.0,4.0,2.0,1.0,4.0,3.0,25,1.0,1.0,2,3.0,2,1.0,2.0,0
1.0,48,2.0,3.0,6999,1.0,4.0,1.0,4.0,3.0,1.0,1.0,34,3.0,2.0,2,3.0,2,2.0,2.0,0
4.0,12,4.0,9.0,2292,1.0,1.0,4.0,3.0,1.0,2.0,3.0,42,2.0,2.0,2,4.0,2,2.0,2.0,0
1.0,14,4.0,0.0,8978,1.0,5.0,1.0,1.0,1.0,4.0,2.0,45,3.0,2.0,1,3.0,2,2.0,1.0,0
1.0,12,2.0,3.0,674,2.0,4.0,4.0,4.0,1.0,1.0,2.0,20,3.0,2.0,0,3.0,2,1.0,2.0,0
1.0,18,2.0,0.0,976,1.0,2.0,1.0,2.0,1.0,2.0,3.0,23,3.0,2.0,1,2.0,2,1.0,2.0,0
2.0,24,2.0,0.0,2718,1.0,3.0,3.0,2.0,1.0,4.0,2.0,20,3.0,1.0,1,2.0,2,2.0,2.0,0
1.0,18,2.0,6.0,750,1.0,1.0,4.0,2.0,1.0,1.0,1.0,33,3.0,2.0,1,1.0,2,1.0,2.0,0
2.0,24,2.0,1.0,12579,1.0,5.0,4.0,2.0,1.0,2.0,4.0,44,3.0,3.0,1,4.0,2,2.0,2.0,0
1.0,18,2.0,1.0,7511,5.0,5.0,1.0,3.0,1.0,4.0,2.0,51,3.0,3.0,1,3.0,1,2.0,2.0,0
1.0,18,4.0,0.0,3966,1.0,5.0,1.0,2.0,1.0,4.0,1.0,33,1.0,1.0,3,3.0,2,2.0,2.0,0
1.0,12,0.0,3.0,6199,1.0,3.0,4.0,3.0,1.0,2.0,2.0,28,3.0,1.0,2,3.0,2,2.0,2.0,0
1.0,24,2.0,3.0,1987,1.0,3.0,2.0,3.0,1.0,4.0,1.0,21,3.0,1.0,1,2.0,1,1.0,2.0,0
1.0,24,2.0,0.0,2303,1.0,5.0,4.0,3.0,2.0,1.0,1.0,45,3.0,2.0,1,3.0,2,1.0,2.0,0
4.0,21,4.0,0.0,12680,5.0,5.0,4.0,3.0,1.0,4.0,4.0,30,3.0,3.0,1,4.0,2,2.0,2.0,0
2.0,12,2.0,3.0,6468,5.0,1.0,2.0,3.0,1.0,1.0,4.0,52,3.0,2.0,1,4.0,2,2.0,2.0,0
1.0,30,4.0,2.0,6350,5.0,5.0,4.0,3.0,1.0,4.0,2.0,31,3.0,2.0,1,3.0,2,1.0,2.0,0
2.0,48,2.0,3.0,3060,1.0,4.0,4.0,3.0,1.0,4.0,1.0,28,3.0,2.0,2,3.0,2,1.0,2.0,0
4.0,9,4.0,6.0,1244,5.0,5.0,4.0,2.0,1.0,4.0,2.0,41,3.0,1.0,2,2.0,2,1.0,2.0,1
1.0,18,2.0,3.0,1345,1.0,3.0,4.0,4.0,1.0,3.0,1.0,26,3.0,2.0,1,3.0,2,1.0,2.0,0
4.0,18,4.0,3.0,6458,1.0,5.0,2.0,3.0,1.0,4.0,4.0,39,1.0,2.0,2,4.0,1,2.0,2.0,0
1.0,24,4.0,0.0,1199,1.0,5.0,4.0,3.0,1.0,4.0,3.0,60,3.0,2.0,2,2.0,2,1.0,2.0,0
4.0,6,2.0,2.0,2978,3.0,3.0,1.0,3.0,1.0,2.0,3.0,32,3.0,2.0,1,3.0,2,2.0,2.0,1
4.0,36,3.0,3.0,4454,1.0,3.0,4.0,2.0,1.0,4.0,1.0,34,3.0,2.0,2,3.0,2,1.0,2.0,1
1.0,48,4.0,1.0,6143,1.0,5.0,4.0,2.0,1.0,4.0,4.0,58,2.0,3.0,2,2.0,2,1.0,2.0,0
4.0,6,2.0,6.0,1538,1.0,2.0,1.0,2.0,1.0,2.0,4.0,56,3.0,2.0,1,3.0,2,1.0,2.0,1
2.0,39,3.0,6.0,11760,2.0,4.0,2.0,3.0,1.0,3.0,4.0,32,3.0,1.0,1,3.0,2,2.0,2.0,1
4.0,15,4.0,2.0,1520,5.0,5.0,4.0,3.0,1.0,4.0,2.0,63,3.0,2.0,1,3.0,2,1.0,2.0,1
2.0,18,2.0,3.0,766,3.0,3.0,4.0,3.0,1.0,3.0,1.0,66,3.0,2.0,1,2.0,2,1.0,2.0,0
2.0,30,3.0,3.0,1919,2.0,2.0,4.0,3.0,1.0,3.0,4.0,30,2.0,2.0,2,4.0,2,1.0,2.0,0
1.0,9,2.0,3.0,1364,1.0,4.0,3.0,3.0,1.0,4.0,1.0,59,3.0,2.0,1,4.0,2,1.0,2.0,1
2.0,42,1.0,1.0,9283,1.0,1.0,1.0,3.0,1.0,2.0,4.0,55,1.0,3.0,1,4.0,2,2.0,2.0,1
2.0,36,2.0,0.0,14318,1.0,5.0,4.0,3.0,1.0,2.0,4.0,57,3.0,3.0,1,4.0,2,1.0,2.0,0
4.0,12,3.0,5.0,1555,4.0,5.0,4.0,3.0,1.0,4.0,4.0,55,3.0,3.0,2,3.0,1,1.0,2.0,0
3.0,18,2.0,2.0,3049,1.0,2.0,1.0,2.0,1.0,1.0,2.0,45,2.0,2.0,1,2.0,2,1.0,2.0,1
4.0,36,2.0,2.0,10974,1.0,1.0,4.0,2.0,1.0,2.0,3.0,26,3.0,2.0,2,4.0,2,2.0,2.0,0
