laufkont,laufzeit,moral,verw,hoehe,sparkont,beszeit,rate,famges,buerge,wohnzeit,verm,alter,weitkred,wohn,bishkred,beruf,pers,telef,gastarb,kredit,mixed_type_col
1.0,18.0,4.0,2.0,1049.0,1.0,2.0,4.0,2.0,1.0,4.0,2.0,21.0,3.0,1.0,1.0,3.0,2.0,1.0,2.0,1.0,bad
1.0,9.0,4.0,0.0,2799.0,1.0,3.0,2.0,3.0,1.0,2.0,1.0,36.0,3.0,1.0,2.0,3.0,1.0,1.0,2.0,1.0,
2.0, 12.0 ,2.0,9.0,841.0,2.0,4.0,2.0,2.0,1.0,4.0,1.0,23.0,3.0,1.0,1.0,2.0,2.0,1.0,2.0,1.0,unknown
1.0,12.0,4.0,0.0,2122.0,1.0,3.0,3.0,3.0,1.0,2.0,1.0,39.0,3.0,1.0,2.0,2.0,1.0,1.0,1.0,1.0,
1.0,12.0,4.0,0.0,2171.0,1.0,3.0,4.0,3.0,N/A,4.0, 2.0 ,38.0,1.0,2.0,2.0,2.0,error, 1.0 , 1.0 ,1.0,208
1.0, 10.0 ,4.0,0.0,2241.0,1.0,2.0,1.0,3.0,1.0,3.0,1.0,48.0,3.0,1.0,2.0,2.0,1.0,1.0,1.0,1.0,906
1.0,8.0,4.0,0.0,3398.0,1.0,4.0,1.0,3.0,1.0,4.0,1.0,39.0,3.0,2.0,2.0,2.0,2.0,1.0,1.0,1.0,56
1.0,6.0,4.0,0.0,1361.0, 1.0 ,2.0,2.0,3.0,1.0,4.0,829.0,40.0,3.0,2.0,,2.0,1.0, 1.0 ,1.0,1.0,
4.0,18.0,4.0,3.0,1098.0,1.0,1.0,4.0,2.0, 1.0 ,4.0,3.0,65.0,3.0,2.0,2.0,1.0,2.0,1.0,2.0,1.0,unknown
2.0,24.0,2.0, null ,3758.0,3.0,1.0,1.0,2.0,1.0,4.0,4.0,23.0,3.0,1.0,1.0,1.0,2.0,1.0,2.0,1.0,107
1.0,11.0,4.0,0.0,3905.0,1.0,3.0, 2.0 ,3.0,1.0,2.0,1.0,36.0,3.0,1.0,2.0,3.0,1.0,1.0,2.0,1.0,247
1.0,30.0,4.0,1.0,6187.0,2.0,4.0,1.0,4.0,1.0,4.0,3.0,24.0,3.0,1.0,2.0,3.0,2.0,1.0,2.0,1.0,490
1.0,6.0,4.0,3.0,1957.0,1.0,4.0,1.0,2.0,1.0,4.0,3.0,31.0,3.0, 2.0 ,1.0,3.0,2.0,1.0,2.0,1.0,276
2.0,48.0,3.0,10.0,7582.0,2.0,1.0,2.0,3.0,1.0,4.0,4.0,31.0,3.0,2.0,1.0,4.0,2.0,2.0,2.0,1.0,453
1.0,18.0,2.0,3.0,1936.0,5.0,4.0,2.0,4.0,1.0,4.0, 3.0 ,23.0,3.0,1.0,2.0,2.0,2.0,1.0,2.0,1.0,447
1.0,6.0,2.0,3.0,2647.0, 3.0 , 3.0 ,2.0,3.0,1.0,3.0,1.0,44.0,3.0,1.0,1.0,3.0,1.0,1.0,2.0,1.0,unknown
1.0,11.0,4.0,0.0,3939.0,1.0,3.0,1.0,3.0,1.0,2.0,1.0,40.0,3.0,2.0,2.0,invalid,1.0,1.0,2.0,1.0,59
2.0,18.0,2.0,3.0,3213.0,3.0,2.0,1.0,4.0,1.0, 3.0 ,1.0,25.0,3.0,1.0, 1.0 ,3.0,2.0,1.0,2.0,1.0,
2.0,36.0,4.0,3.0,2337.0,1.0,5.0,4.0,3.0,1.0,4.0,1.0,36.0,3.0,2.0,1.0,285.0,2.0,1.0,2.0,1.0,299
4.0,11.0,4.0,0.0,7228.0,?,,1.0,3.0,1.0,4.0,2.0,39.0,3.0,2.0,2.0,2.0,2.0,1.0,2.0,1.0,538
1.0,6.0,4.0,0.0,3676.0,1.0,3.0,1.0,3.0, 1.0 ,3.0,1.0,37.0,3.0,1.0,3.0, 3.0 ,1.0,1.0,2.0,1.0,60
2.0,12.0,4.0,0.0,3124.0,1.0,2.0,1.0,3.0,1.0, 3.0 ,1.0,49.0,1.0,2.0,2.0,2.0,1.0,1.0,60.0,1.0,870
2.0,36.0,2.0,5.0,2384.0,1.0,2.0,4.0,3.0,1.0,1.0,4.0,33.0, 3.0 ,1.0,1.0,2.0, 2.0 ,1.0,2.0,0.0,722
2.0,12.0,4.0,4.0, 1424.0 ,,4.0,4.0,3.0,1.0,3.0,2.0,26.0,3.0,2.0,1.0,3.0,2.0,1.0,2.0,1.0,unknown
1.0,6.0,4.0,0.0, 4716.0 ,5.0,2.0,1.0,3.0,1.0,3.0,1.0,44.0,3.0,2.0,2.0, 2.0 ,1.0,1.0,2.0,1.0,359
2.0,11.0,3.0,3.0,4771.0,1.0,4.0,2.0,3.0,1.0,4.0,2.0,51.0,3.0,2.0,1.0,3.0,2.0,1.0,2.0,1.0,316
1.0,12.0,2.0,2.0, 652.0 ,1.0,5.0,4.0,2.0,1.0,4.0,2.0,24.0,3.0,1.0,1.0,3.0,2.0,1.0,2.0,1.0,991
2.0,9.0,4.0, 3.0 ,1154.0,1.0,5.0,2.0,3.0,1.0,4.0,1.0,37.0,3.0,2.0,3.0,2.0,2.0,1.0,2.0,1.0,701
4.0,15.0,2.0,0.0,3556.0, 5.0 ,3.0, 3.0 ,3.0,1.0,2.0,4.0,29.0,3.0, 2.0 ,1.0,3.0,2.0,1.0,2.0, 1.0 ,460
3.0,42.0,4.0,1.0,4796.0, 1.0 ,5.0,4.0,3.0,1.0, 4.0 ,4.0,56.0,3.0,3.0,1.0,3.0,2.0,1.0,2.0, 1.0 ,648
3.0,30.0,4.0,3.0,3017.0,1.0,5.0,4.0,3.0,invalid,4.0,2.0,47.0,3.0,2.0,1.0,3.0,2.0,1.0,2.0,1.0,64
,36.0,4.0,0.0,3535.0,1.0,4.0,4.0,3.0,error,4.0,3.0,37.0,3.0,2.0,2.0,3.0,2.0,2.0,2.0,1.0,bad
4.0,36.0,4.0,0.0,6614.0,1.0,5.0,4.0,3.0,1.0,4.0,3.0, 34.0 ,3.0,2.0,2.0,4.0,2.0,2.0,2.0,1.0,595
4.0,24.0,2.0,3.0,1376.0,3.0,4.0,4.0,2.0, 1.0 ,1.0,3.0,28.0, 3.0 ,2.0,1.0, 3.0 ,2.0,1.0,2.0,1.0,309
1.0,15.0,2.0,0.0,1721.0,1.0,2.0,2.0,3.0, 1.0 ,3.0,1.0,36.0,3.0,2.0,1.0,3.0,2.0,1.0,2.0,1.0,693
1.0,6.0,4.0,0.0,860.0,1.0,5.0,1.0,2.0,1.0,4.0,216.0, 39.0 ,3.0,2.0,2.0,3.0,,2.0,2.0,1.0,6
4.0,12.0,4.0,0.0,1495.0,1.0,5.0,4.0,3.0,1.0,1.0,1.0,38.0,3.0,2.0,2.0,2.0,1.0,1.0,2.0,1.0,490
4.0,12.0,4.0,3.0,1934.0,1.0,5.0,2.0,3.0,1.0,2.0,4.0,26.0,3.0,2.0, 2.0 , 3.0 ,2.0,1.0,2.0,1.0,unknown
4.0,18.0,2.0,1.0,3378.0,5.0,3.0,2.0,3.0,1.0,1.0,,31.0,3.0,2.0,1.0,3.0,2.0,2.0,2.0,1.0,unknown
4.0,24.0,4.0,1.0,3868.0,1.0,5.0, 4.0 ,2.0,1.0,2.0,3.0,41.0,3.0,1.0,2.0,4.0,2.0, 2.0 ,2.0,1.0,44
4.0,12.0,4.0,5.0,996.0,5.0,4.0,4.0,2.0, 1.0 , 4.0 , 1.0 ,23.0, 3.0 ,2.0,2.0,3.0,2.0,1.0,2.0,1.0,589
1.0,24.0,2.0,10.0,1755.0,1.0,5.0,4.0,2.0,3.0,4.0,1.0,58.0,3.0,2.0,1.0,2.0,2.0, 2.0 ,2.0,1.0,680
4.0,18.0,4.0,0.0,1028.0,1.0,3.0,4.0,,1.0,3.0,1.0,36.0,3.0,2.0,2.0,3.0,2.0,1.0,2.0,1.0,526
2.0,24.0,4.0,9.0,2825.0,5.0,4.0,4.0,3.0,1.0,3.0,4.0,34.0,3.0,2.0,2.0,3.0,1.0,2.0,2.0,1.0,
2.0,18.0,2.0,6.0,1239.0,5.0,3.0,4.0,3.0,1.0,4.0,4.0,,3.0,3.0,1.0,3.0,2.0,1.0,54.0,1.0,678
 1.0 ,18.0,2.0,0.0,1216.0,1.0,2.0,4.0,2.0,1.0,3.0,3.0,23.0,3.0,1.0,1.0,3.0,2.0,2.0,2.0,0.0,bad
4.0,24.0,2.0,9.0,1258.0, 1.0 ,4.0,4.0,3.0, 1.0 ,1.0,1.0,25.0,3.0,2.0,1.0,3.0,2.0,2.0,2.0,1.0,948
4.0,18.0,4.0,6.0,1864.0,2.0,3.0,4.0,2.0,1.0,2.0,1.0,30.0,3.0,2.0,2.0,3.0,2.0,1.0,2.0,0.0,838
4.0,24.0,2.0,0.0,1474.0,2.0,2.0,4.0, 4.0 ,1.0,3.0,1.0,33.0,3.0,2.0,1.0, 3.0 , 2.0 ,2.0,2.0,1.0,unknown
1.0,24.0,4.0,9.0,1382.0,2.0,4.0,4.0,3.0,1.0,1.0,1.0,26.0,3.0,2.0,2.0,3.0,2.0,2.0,2.0,1.0,419
4.0,12.0,2.0,0.0,640.0,1.0,3.0,4.0,1.0,1.0,2.0,1.0,49.0,3.0,176.0,1.0,2.0, 2.0 ,1.0,2.0,1.0,unknown
3.0,36.0,2.0,3.0,3919.0,1.0,3.0,2.0,3.0,1.0,2.0,1.0,23.0,3.0,2.0,1.0,3.0,2.0,2.0,2.0,1.0,bad
4.0,9.0,4.0,0.0,1224.0,1.0,3.0,3.0,3.0,1.0,1.0,1.0,30.0,3.0,2.0,2.0,3.0,2.0,1.0,2.0,1.0,752
4.0,12.0,4.0,3.0,2331.0,5.0, 5.0 ,1.0,3.0,542.0,4.0,1.0,49.0, 3.0 ,2.0,1.0, 3.0 , 2.0 ,2.0,2.0,1.0,754
4.0,24.0,2.0,1.0,6313.0,5.0,5.0,3.0,3.0,1.0,4.0,3.0,41.0,3.0,2.0,685.0,4.0,1.0,2.0, 2.0 ,1.0,775
1.0,12.0,4.0,3.0,385.0, 1.0 ,4.0,4.0,2.0,1.0, 3.0 ,1.0,58.0,3.0,2.0,4.0,2.0,2.0,2.0,2.0,1.0,20
4.0,12.0,4.0,3.0,1655.0,1.0,5.0,2.0,3.0,62.0,4.0,1.0,63.0,3.0,2.0,2.0,2.0,2.0,2.0,2.0,1.0,455
1.0,15.0,2.0,3.0,1053.0,1.0,2.0,4.0,4.0,1.0,2.0,1.0,27.0,3.0,2.0,1.0,3.0,2.0,1.0,1.0,1.0,274
4.0,21.0,2.0,3.0,3160.0,5.0,5.0,4.0, 3.0 ,1.0,3.0,2.0,41.0,3.0,2.0,1.0,3.0,2.0,2.0,2.0,1.0,915
4.0,36.0,2.0,0.0,3079.0,5.0, 3.0 ,4.0,3.0,1.0,4.0,1.0,36.0,3.0, 2.0 ,1.0,3.0,2.0,,2.0,1.0,bad
4.0,12.0,4.0,0.0,1163.0,3.0,3.0,4.0,3.0,1.0,4.0,1.0,44.0,3.0,2.0,1.0,3.0,2.0,2.0,2.0,1.0,
4.0,24.0,2.0,1.0,2679.0,1.0,2.0,4.0,2.0,1.0,1.0,4.0,29.0,3.0,2.0,error,4.0,2.0,2.0,2.0,1.0,437
4.0,48.0,4.0,3.0,3578.0,5.0,5.0,4.0,3.0,155.0,1.0,1.0,47.0, 3.0 , 2.0 , 1.0 ,3.0,2.0,2.0,2.0,1.0,113
4.0,36.0,3.0,0.0,10875.0,1.0,5.0,2.0,3.0,1.0,2.0,3.0,45.0,3.0,2.0,2.0,3.0,1.0,2.0,2.0,1.0,620
1.0, 12.0 ,3.0,0.0,1344.0,1.0,3.0,4.0,3.0,1.0,2.0,1.0,43.0,3.0,2.0,2.0,2.0,1.0,1.0,2.0,1.0,610
4.0,6.0,4.0,3.0,1237.0,2.0,3.0,1.0,2.0,1.0,1.0,2.0,27.0,3.0,2.0,2.0,3.0,2.0, 1.0 ,2.0,1.0,unknown
4.0,12.0,2.0,3.0,3077.0,1.0,3.0,2.0,3.0,1.0,4.0,3.0,52.0,3.0,2.0,1.0,3.0,2.0,2.0,2.0,1.0,unknown
4.0,24.0,2.0,3.0,2284.0,1.0,4.0,4.0,241.0,1.0,2.0,3.0,28.0, 3.0 ,2.0,1.0,3.0,2.0,2.0,2.0,1.0,
2.0,12.0,2.0,3.0,1567.0,1.0,3.0,1.0,2.0,1.0,1.0,3.0,22.0,3.0,2.0,1.0,3.0,2.0,2.0,2.0,1.0,660
4.0,24.0,3.0,,2032.0,1.0,5.0,4.0,3.0,1.0,4.0,4.0,60.0,3.0,3.0,2.0,3.0,2.0, 2.0 ,2.0,1.0,
2.0,21.0,4.0,2.0,2745.0,4.0,4.0,3.0,3.0,1.0, 2.0 ,3.0,32.0, 3.0 ,2.0,2.0,3.0,2.0,2.0,2.0,1.0,bad
 4.0 , 30.0 , 2.0 ,3.0,1867.0,5.0,5.0, 4.0 ,3.0,1.0,4.0,3.0,58.0,3.0,2.0,1.0,3.0,2.0, 2.0 ,2.0,1.0,887
4.0,36.0,2.0,3.0,2299.0,3.0,5.0,4.0,3.0,1.0,4.0,3.0,39.0,3.0,2.0,1.0,3.0,2.0,1.0,2.0,1.0,484
4.0,24.0,172.0,2.0,929.0,5.0,4.0,4.0,3.0,1.0,2.0,3.0,31.0,2.0,2.0,1.0,3.0,2.0,2.0,2.0,1.0,17
3.0,12.0,2.0,3.0,3399.0,5.0,5.0,2.0,3.0,1.0,3.0,3.0,37.0,3.0,2.0,1.0, 4.0 ,2.0,1.0,2.0,1.0,682
2.0,9.0,2.0,2.0,2030.0,5.0, 4.0 ,2.0,3.0,1.0,1.0,3.0,24.0,3.0,2.0,1.0,3.0,2.0,2.0,2.0,1.0,939
4.0, 21.0 ,4.0,1.0,3275.0,1.0,5.0,1.0,3.0,1.0,4.0,3.0,36.0,3.0,2.0,1.0,4.0,2.0,2.0,2.0,1.0,709
4.0,24.0,4.0,0.0,1940.0,4.0,5.0,4.0,3.0, 1.0 ,4.0,1.0,60.0,3.0,,1.0,3.0,2.0,2.0,2.0,1.0,358
1.0,21.0,4.0,0.0,1602.0,1.0,5.0,4.0,4.0, 1.0 ,3.0,3.0,30.0,3.0,2.0,2.0,3.0,2.0,2.0,2.0, 1.0 ,
4.0,15.0,2.0,?,1979.0,5.0,5.0,4.0,3.0,1.0,2.0,3.0,35.0,3.0,2.0,1.0,3.0,2.0,1.0,2.0, 1.0 ,
4.0,,4.0,0.0,2022.0,1.0,3.0,4.0,2.0,1.0,4.0, 3.0 ,37.0,,2.0,1.0,3.0,2.0,2.0,2.0,1.0,unknown
4.0,36.0,4.0,3.0,3342.0,5.0,5.0,4.0,error,1.0,2.0,3.0,51.0,3.0,2.0,1.0,3.0,2.0,2.0, 2.0 ,1.0,bad
2.0,18.0,2.0,0.0,5866.0,2.0,3.0,2.0,3.0,1.0,2.0,3.0,30.0,3.0,2.0,2.0,3.0,2.0,2.0,2.0,1.0,625
3.0,15.0,4.0,1.0,2360.0,3.0,3.0,2.0,3.0,1.0,2.0,3.0,36.0,3.0,2.0,1.0,3.0,2.0,2.0,2.0,1.0,unknown
4.0, 15.0 ,4.0,2.0,1520.0,5.0,5.0,4.0,3.0,1.0,4.0,2.0,63.0,3.0,2.0,1.0,3.0,2.0,1.0,2.0,1.0,172
1.0,12.0,2.0,0.0,3651.0,4.0,3.0,1.0,3.0,1.0,3.0,2.0, 31.0 ,3.0,2.0,1.0,3.0,1.0,1.0,2.0,1.0,bad
4.0,24.0,,1.0,2346.0,1.0,4.0,4.0, 3.0 ,1.0,3.0,3.0,35.0,3.0,516.0,2.0,3.0,2.0,2.0,2.0,1.0,unknown
4.0,36.0,3.0,3.0,4454.0,1.0,3.0,4.0,2.0,1.0,4.0,1.0,34.0,3.0,2.0,2.0,3.0,2.0,1.0,2.0,1.0,903
1.0,6.0,4.0, 0.0 ,666.0,4.0,4.0,3.0,2.0, 1.0 ,4.0,1.0,39.0,3.0,2.0,2.0, 2.0 ,2.0,2.0,2.0,1.0,63
,24.0,3.0,0.0,1965.0,5.0,3.0,4.0,2.0,1.0,4.0,3.0, 42.0 ,3.0,1.0,2.0,3.0, 2.0 ,2.0,2.0,1.0,846
2.0,12.0,4.0,0.0,1995.0,2.0,2.0,4.0,3.0,1.0,1.0,3.0,27.0,3.0,2.0,1.0,3.0, INVALID ,1.0, 2.0 ,1.0,779
2.0, 30.0 ,,3.0,2991.0,5.0,5.0,2.0,2.0,1.0,4.0,3.0,25.0,3.0,2.0,1.0,3.0,2.0,1.0,2.0,1.0,515
 2.0 ,30.0,0.0,9.0,?,1.0,3.0,2.0,2.0,1.0,1.0,3.0, 28.0 ,3.0,2.0,2.0,3.0,2.0,1.0,2.0,,993
1.0,9.0,2.0,3.0,1364.0, 1.0 ,4.0,3.0, 3.0 ,1.0,4.0,1.0,59.0,3.0,2.0,1.0,3.0,2.0,1.0,2.0,1.0,716
2.0,18.0,4.0,2.0,6361.0,1.0,5.0,2.0,3.0,1.0,1.0,4.0,41.0,3.0,2.0,1.0,3.0,2.0, 2.0 ,2.0,1.0,41
4.0,27.0,4.0,2.0,4526.0,4.0,2.0,4.0,3.0,10.0,2.0,1.0,32.0,2.0,2.0,2.0,2.0,1.0,2.0,2.0,1.0,unknown
2.0,12.0,4.0,, 4104.0 ,1.0,3.0,1.0,2.0,1.0,1.0,1.0,23.0,3.0,2.0,1.0,2.0, 2.0 ,1.0, 2.0 ,1.0,840
2.0,36.0,3.0,9.0,4455.0,1.0,3.0,2.0,1.0,1.0,2.0,1.0,30.0,2.0,2.0,2.0,4.0,2.0,2.0,2.0,0.0,unknown
1.0,9.0,2.0,2.0,2136.0,1.0,3.0,3.0,3.0,1.0,2.0,1.0,25.0,3.0,2.0,, 3.0 ,2.0, 1.0 ,2.0,1.0,160
2.0, 42.0 ,4.0,9.0,5954.0,1.0,4.0,,2.0,1.0,1.0,1.0,41.0,1.0,2.0,2.0,2.0,2.0,1.0,2.0,1.0,170
4.0,24.0,4.0,2.0,3777.0,4.0,3.0,4.0,3.0,1.0,4.0,1.0,40.0,3.0,2.0,1.0,3.0,2.0,2.0,2.0,1.0,924
1.0,15.0,2.0,9.0,806.0, 1.0 ,179.0,4.0,2.0,1.0,4.0,2.0,22.0,3.0,2.0,1.0,2.0,2.0,1.0,2.0,1.0,
2.0,24.0,3.0,9.0,4712.0,5.0,3.0,4.0,3.0,1.0,2.0,2.0,34.0,1.0,2.0,2.0,4.0, 2.0 ,2.0,2.0,1.0,949
2.0,36.0,3.0,0.0,7432.0,1.0,3.0,2.0,2.0,1.0,2.0,2.0,54.0,3.0,1.0,1.0, 3.0 ,762.0,1.0,2.0,1.0,540
4.0,24.0, 4.0 ,3.0,1851.0,1.0,4.0,4.0,4.0, 3.0 ,2.0,3.0,33.0,3.0,2.0,2.0,3.0,2.0,2.0, 2.0 ,1.0,807
4.0, 24.0 ,2.0,0.0,1393.0,1.0,3.0,2.0,3.0,3.0,2.0,1.0,31.0,3.0,2.0,1.0,3.0,2.0,2.0,2.0,1.0,215
4.0,12.0,4.0,9.0,1412.0,1.0,3.0,4.0,2.0, 3.0 ,2.0,1.0,29.0,3.0,2.0,2.0,4.0,2.0,2.0,2.0,1.0,344
4.0,18.0,2.0,3.0,1473.0,1.0,2.0,3.0,4.0,1.0,4.0, 1.0 ,39.0,847.0,2.0,1.0,3.0,2.0,2.0,2.0,1.0,728
,24.0,2.0,3.0,1533.0,1.0,2.0,4.0,2.0,1.0,3.0,3.0,38.0,2.0,2.0,1.0,3.0, 2.0 ,2.0,2.0,967.0,162
4.0,12.0,4.0,6.0,2012.0,5.0,4.0,4.0,2.0,1.0,2.0,3.0,61.0,3.0,2.0,1.0,3.0,2.0,1.0,2.0,1.0,
1.0,15.0,2.0,0.0,3959.0,1.0,3.0,3.0,2.0,1.0,2.0,2.0,29.0,3.0,2.0,1.0,3.0,2.0,2.0,2.0,0.0,609
1.0,6.0,2.0,2.0,428.0,1.0,5.0,2.0,2.0, 1.0 ,1.0, 2.0 ,49.0,1.0,2.0,1.0,3.0,2.0,2.0,731.0,1.0,8
2.0,12.0,NULL,0.0,2366.0,3.0,4.0,3.0,1.0,1.0,3.0,3.0,36.0,3.0,2.0,1.0,4.0,2.0,2.0,2.0,1.0,938
4.0,12.0,2.0,2.0,763.0,1.0,3.0,4.0,2.0,1.0,1.0,1.0,26.0,3.0,2.0,1.0,3.0,2.0,2.0,2.0,1.0,unknown
2.0,21.0,2.0,2.0,3976.0,5.0,4.0,2.0,3.0,1.0,3.0,3.0,35.0,3.0,2.0,1.0,3.0,2.0,2.0,2.0, 1.0 ,713
2.0,18.0,2.0,0.0,6260.0,1.0,4.0,3.0,3.0,1.0,invalid,1.0, 28.0 ,3.0,1.0,1.0, 2.0 ,2.0,1.0,2.0,1.0,500
2.0,9.0,4.0,2.0,1919.0,1.0,4.0,4.0,3.0,1.0,3.0,3.0,35.0,3.0,1.0,1.0,3.0,,2.0,575.0, 1.0 ,623
4.0,24.0,2.0,263.0,2603.0,4.0,3.0, 2.0 ,2.0,1.0,4.0,3.0,28.0,3.0,1.0, 1.0 ,3.0,2.0,2.0,2.0,1.0,unknown
 4.0 ,9.0,4.0,6.0,936.0,3.0,5.0,4.0, 3.0 ,1.0,2.0,3.0,52.0,3.0,2.0,2.0,3.0,2.0,2.0,2.0,1.0,4
4.0,24.0,2.0,2.0, 3062.0 ,3.0,5.0,4.0,3.0,1.0,3.0,4.0,32.0,3.0,1.0, 1.0 , 3.0 ,2.0,2.0,2.0,1.0,unknown
2.0,36.0,2.0,3.0,,1.0,2.0,4.0,2.0,1.0,1.0,4.0,30.0,3.0,2.0,1.0,4.0,2.0,2.0,2.0,1.0,bad
4.0,36.0,4.0,1.0,5842.0,1.0,5.0,2.0,3.0,1.0,2.0,2.0,35.0,3.0,630.0,2.0, 3.0 ,1.0,2.0,2.0,1.0,123
2.0,6.0,2.0,3.0,2063.0,1.0,2.0,4.0,4.0,1.0,3.0, 3.0 ,30.0,3.0,1.0,1.0,4.0,2.0,2.0,2.0,1.0,245
4.0,15.0,4.0,3.0,1459.0,1.0, 3.0 ,4.0,2.0,1.0,2.0,3.0,43.0,3.0,2.0,1.0,?,2.0,1.0, 2.0 ,1.0,23
4.0,15.0,2.0,3.0,1213.0,3.0,5.0,4.0,3.0,1.0,3.0,2.0,47.0, 2.0 ,2.0, 1.0 ,3.0,2.0,2.0,2.0,1.0,55
4.0,24.0,4.0,3.0,5103.0,1.0,2.0,3.0,4.0,1.0,3.0,4.0,47.0,3.0,3.0,3.0,3.0,2.0,2.0,2.0,1.0,444
4.0,15.0,2.0,4.0,874.0,5.0,2.0,4.0,2.0,N/A,1.0,1.0,24.0,3.0, 2.0 ,1.0,3.0,2.0,1.0,2.0,1.0,660
4.0,6.0,2.0,2.0,2978.0,3.0,3.0,1.0,3.0,1.0,2.0,3.0,32.0,3.0,2.0,1.0,3.0,2.0,2.0,2.0,1.0,100
4.0,18.0,2.0,0.0,1820.0,1.0,3.0,, 4.0 ,1.0,2.0,2.0, 30.0 ,NULL,2.0,1.0,4.0,2.0,2.0,2.0,1.0,bad
4.0,24.0, 4.0 ,3.0,2872.0,2.0, 5.0 ,3.0,3.0,1.0,NULL,1.0,36.0,3.0, 2.0 ,1.0,3.0,1.0,2.0,2.0,1.0,775
3.0,24.0,2.0,2.0,1925.0,1.0,3.0,2.0,3.0,,2.0,1.0,26.0,3.0,2.0,1.0,3.0,2.0,1.0,2.0,1.0,662
4.0,18.0,2.0,2.0, 2515.0 , 1.0 ,3.0,3.0,3.0,1.0,4.0,1.0,43.0,3.0,2.0,1.0,3.0,2.0,2.0,2.0,1.0,71
3.0,6.0,2.0,2.0,2116.0, 1.0 ,3.0,2.0,3.0,1.0,2.0,1.0,,3.0,2.0,1.0,3.0,2.0,2.0,2.0,1.0,518
4.0, 18.0 ,2.0,3.0,1453.0,1.0,2.0,3.0,2.0,1.0,1.0,1.0,26.0,3.0,2.0,1.0,3.0,2.0,1.0, 2.0 ,1.0,920
4.0,10.0,2.0,488.0,1364.0,1.0,3.0, 2.0 ,2.0,1.0,4.0, 3.0 ,64.0,3.0,2.0,1.0,3.0,2.0,2.0,2.0,1.0,
4.0,6.0,2.0,2.0,1543.0,4.0,3.0,4.0,1.0, 1.0 ,2.0,1.0,33.0,3.0,2.0,1.0,3.0,2.0,1.0,2.0,1.0,540
2.0,12.0,2.0,0.0,1318.0,4.0,5.0,4.0,3.0,1.0,4.0,1.0,54.0,3.0,2.0,1.0,3.0,2.0,2.0,2.0,1.0,564
1.0,24.0,907.0,0.0,2325.0,2.0,4.0,2.0,3.0,1.0,3.0,3.0,32.0,1.0,2.0,1.0,3.0,2.0,1.0,2.0,1.0,unknown
2.0,6.0,4.0,8.0,932.0,5.0,4.0,1.0, 2.0 ,1.0,3.0,2.0,39.0,3.0,2.0,2.0,2.0,2.0,1.0,2.0,1.0,918
3.0,24.0,4.0,3.0,3148.0,5.0,3.0,3.0,3.0,1.0,2.0,3.0,31.0,3.0,2.0, 2.0 , 3.0 ,2.0,2.0,2.0,1.0,130
4.0,36.0,2.0,3.0,3835.0,5.0,5.0,2.0,2.0, 1.0 ,4.0,1.0,45.0,3.0,2.0,1.0,2.0,2.0,2.0,2.0,1.0,62
4.0,9.0,2.0,6.0,3832.0,5.0,5.0,1.0,3.0,1.0,4.0,1.0,64.0,3.0,2.0,1.0,2.0,2.0,1.0,2.0,1.0,89
 2.0 ,24.0,2.0,456.0,5084.0,,5.0,,2.0, 1.0 , 4.0 ,3.0,42.0,3.0,2.0,1.0,3.0,2.0,2.0,2.0,1.0,unknown
4.0,9.0,4.0,2.0,2406.0,1.0,1.0,2.0,3.0,1.0,3.0,3.0,,3.0,2.0,1.0,4.0,2.0,1.0,2.0,1.0,
4.0,36.0,2.0,3.0,2394.0,5.0,3.0,4.0,2.0,1.0,4.0,3.0,25.0,3.0,2.0,1.0,3.0,2.0,1.0,2.0,1.0,878
4.0,21.0,2.0,1.0,2476.0,5.0,5.0,4.0,3.0,1.0,4.0,1.0,46.0,3.0,2.0,1.0,4.0,2.0,2.0,2.0,1.0,520
1.0,24.0,2.0,1.0,2964.0,5.0,5.0,4.0,NULL,1.0,4.0,4.0, 49.0 ,1.0,3.0,1.0,72.0,1.0,2.0,2.0,1.0,bad
1.0,12.0,2.0,2.0,1262.0,5.0,5.0,2.0,1.0,1.0,4.0,2.0,49.0, 3.0 ,2.0,1.0, 2.0 , 2.0 , 2.0 ,2.0,1.0,575
4.0,12.0,2.0,9.0,1542.0,1.0,4.0,2.0,3.0,1.0,4.0,3.0,36.0,3.0,2.0,1.0,3.0, 2.0 ,2.0,2.0,1.0,
2.0,24.0,4.0, 3.0 , 1743.0 ,1.0,5.0,4.0,3.0,1.0,2.0,2.0,48.0,3.0,158.0,2.0,2.0,2.0,1.0,2.0,1.0,bad
3.0, 12.0 ,1.0,3.0,409.0,4.0,3.0,3.0,2.0,1.0,3.0,1.0,42.0,3.0, 1.0 ,invalid, 3.0 ,2.0,1.0,2.0,1.0,669
?,12.0,2.0,3.0,2171.0,1.0,2.0,2.0,2.0,1.0,2.0, 3.0 ,29.0,1.0,2.0,1.0,3.0,2.0,1.0,2.0,1.0,272
4.0,48.0,4.0,1.0,8858.0,5.0,4.0,2.0,3.0,1.0,1.0,4.0,35.0,3.0,3.0,2.0,3.0,2.0,2.0,2.0,1.0,233
2.0,24.0,2.0,0.0,3512.0,2.0,4.0,2.0,3.0,1.0,3.0,3.0, 38.0 ,1.0,2.0,2.0,3.0,2.0,2.0,2.0,1.0,981
2.0,12.0,2.0,3.0,1158.0, 3.0 ,3.0,3.0,1.0,1.0,1.0,3.0,26.0,3.0,2.0,1.0,3.0,2.0, 2.0 ,2.0,1.0,24
4.0,24.0,4.0,3.0,2684.0,1.0,3.0,4.0,3.0,1.0,2.0,1.0, 35.0 ,3.0,2.0,2.0,2.0, 2.0 ,,2.0,1.0,272
1.0,12.0,2.0, 147.0 ,1498.0,1.0, 3.0 ,4.0, 2.0 ,1.0,1.0,3.0,NULL,1.0,2.0,1.0,3.0,2.0,1.0,2.0,1.0,386
,30.0,4.0,3.0,5954.0,1.0,4.0,3.0,3.0,2.0,2.0,3.0,38.0,3.0,2.0,1.0,3.0,2.0,1.0,2.0,1.0,unknown
2.0,48.0,1.0,9.0,6416.0,1.0,5.0,4.0,2.0,1.0,3.0,340.0,59.0,3.0,1.0,1.0,3.0,2.0,1.0,2.0,0.0,771
2.0,12.0,4.0,2.0,3617.0,1.0,5.0,1.0,3.0,1.0,4.0,3.0,28.0,3.0,1.0,3.0,3.0,2.0,2.0,2.0,1.0,bad
4.0,12.0,4.0, 3.0 ,1291.0,1.0,3.0,4.0,2.0,1.0,2.0,2.0,35.0, 3.0 ,2.0,2.0,3.0,2.0,1.0,2.0,1.0,458
3.0,24.0,4.0,9.0,1275.0,4.0, 3.0 ,2.0,1.0,1.0,4.0,1.0,36.0,3.0,2.0,2.0,3.0,2.0,2.0,2.0,1.0,unknown
4.0,24.0,2.0,2.0,3972.0,1.0,4.0,2.0,2.0,1.0,4.0,2.0,25.0,3.0,1.0,1.0,3.0,2.0,2.0,2.0,1.0,unknown
4.0,15.0,4.0,2.0,3343.0,1.0,3.0,4.0,3.0,1.0,2.0,4.0,28.0,3.0,3.0,1.0,3.0,,2.0,2.0,1.0,unknown
3.0,15.0,2.0,,392.0,1.0,2.0,4.0,2.0,1.0,4.0,2.0,23.0, 3.0 ,1.0,1.0,3.0,2.0,2.0,2.0,1.0,787
4.0,9.0,4.0,N/A,2134.0,1.0,3.0,4.0,3.0,1.0,4.0,3.0,48.0,3.0,2.0,3.0,3.0,2.0,2.0,2.0,1.0,unknown
4.0,30.0,4.0,3.0,5771.0,1.0,4.0,4.0,2.0,1.0,2.0,3.0,25.0,3.0,2.0,2.0, 3.0 ,2.0,1.0,2.0,1.0,955
4.0,24.0, 4.0 ,9.0, 4526.0 ,1.0,3.0,3.0,3.0,1.0,2.0,1.0,74.0,3.0,2.0,1.0,4.0,2.0,2.0,2.0,1.0,bad
N/A, 15.0 ,4.0,2.0,2788.0, 1.0 ,4.0,198.0,2.0,2.0,3.0,3.0,24.0,,NULL,2.0,123.0,2.0,1.0,2.0,1.0,985
4.0,6.0,4.0, 3.0 , 1382.0 ,1.0,3.0,1.0,2.0,1.0,1.0,3.0,28.0,3.0,2.0,2.0,3.0,2.0,2.0,2.0,,698
3.0,36.0,2.0,3.0,5848.0,1.0,3.0,4.0,3.0,1.0,1.0,3.0,24.0,3.0,2.0,1.0,3.0,2.0,1.0,,1.0,58
1.0, 12.0 ,2.0,0.0, 1228.0 ,1.0,3.0,4.0,2.0,1.0,2.0,1.0,24.0,3.0, 2.0 ,1.0,2.0,2.0,1.0,2.0,0.0,156
3.0,12.0,2.0,3.0,1297.0,1.0,3.0,3.0,4.0, 1.0 ,4.0,1.0,23.0,3.0,1.0,1.0, 3.0 ,2.0,1.0,2.0,1.0,789
4.0,24.0,2.0,3.0,1552.0,1.0,4.0,3.0,3.0,1.0,1.0,3.0, 32.0 ,1.0,2.0,1.0,3.0,1.0,1.0,2.0,1.0,45
 4.0 ,12.0,2.0,3.0,1963.0,1.0,4.0,4.0,3.0,1.0,2.0,3.0,31.0,3.0,1.0,2.0,4.0,1.0,2.0,2.0,1.0,190
4.0, 24.0 ,2.0,3.0,3235.0,3.0,5.0,3.0,1.0,1.0,2.0,3.0,36.0,3.0,2.0,1.0,4.0,2.0,2.0,2.0,1.0,
4.0,24.0,4.0,9.0, 4139.0 ,2.0,3.0,3.0,3.0,1.0,3.0,2.0,27.0,NULL,2.0,2.0,2.0,2.0,2.0,2.0,1.0,354
2.0,12.0,4.0,1.0,1804.0,2.0,2.0,3.0,3.0,1.0,4.0,2.0,44.0,3.0,2.0,1.0, 3.0 ,2.0,1.0,2.0,1.0,217
4.0,18.0,2.0,9.0,1950.0,1.0,4.0,4.0,322.0,1.0,1.0,3.0,34.0,2.0,2.0,2.0,3.0,2.0,2.0,2.0,1.0,
4.0,48.0,3.0,3.0,12749.0,3.0,4.0,4.0,3.0,1.0,1.0,3.0,37.0,3.0,2.0,1.0,4.0,2.0,2.0,2.0,1.0,315
4.0,9.0,2.0, 4.0 , 1236.0 ,1.0, 2.0 ,1.0,2.0,1.0,,1.0,23.0,3.0,90.0,1.0,3.0,2.0,2.0,2.0,1.0,unknown
4.0,18.0,4.0,0.0,1055.0,1.0,2.0,4.0,2.0,1.0,1.0,2.0,30.0,3.0,2.0,2.0, 3.0 ,2.0,1.0,2.0,1.0,455
1.0,30.0,0.0,9.0,8072.0, 5.0 ,2.0,2.0,3.0,1.0, 3.0 ,3.0,25.0,1.0,2.0,3.0,3.0,2.0,1.0,2.0,1.0,953
, 30.0 ,4.0,3.0,2831.0,1.0,3.0,4.0,2.0,1.0,2.0,3.0,33.0,3.0,2.0,1.0,3.0,2.0,2.0,2.0,1.0,716
4.0,9.0, 2.0 ,9.0,1449.0, 1.0 ,4.0,3.0,2.0,1.0,2.0,3.0,27.0,3.0,2.0,2.0,3.0,2.0,1.0,2.0,1.0,bad
4.0,36.0,100.0,9.0,5742.0,2.0,4.0,2.0,3.0,1.0,2.0,3.0,31.0,3.0,2.0,2.0,3.0,2.0,2.0,2.0,104.0,unknown
4.0,12.0,2.0,0.0,2390.0,5.0,5.0,4.0,3.0,1.0,3.0,3.0,50.0,3.0,2.0,1.0,3.0,987.0,2.0,2.0,1.0,unknown
4.0,24.0,2.0,3.0,3430.0,3.0,5.0,3.0,3.0,1.0,2.0,3.0,31.0,3.0,2.0,1.0,3.0,1.0,2.0,2.0,1.0,902
2.0,36.0,2.0,6.0,2273.0,1.0,4.0,3.0,3.0,1.0,1.0,3.0,32.0,3.0,2.0,2.0,3.0,1.0,1.0,2.0,1.0,unknown
3.0,21.0,2.0,0.0,2923.0,2.0,3.0,1.0, 2.0 ,1.0,1.0,3.0,28.0,1.0,2.0,1.0,4.0,2.0,2.0,2.0,1.0,321
4.0,24.0,2.0,3.0,1901.0,2.0,3.0,4.0,3.0,1.0,4.0,3.0,29.0,3.0,1.0,1.0,4.0,2.0,2.0,2.0,1.0,743
2.0,36.0,2.0,,3711.0,5.0,3.0,2.0, 4.0 ,1.0, 2.0 ,3.0,27.0,3.0,2.0,1.0,3.0,2.0,1.0,2.0,1.0,982
2.0,48.0,2.0,0.0,8487.0,5.0,4.0,1.0,2.0,1.0,2.0,3.0,24.0,3.0,2.0,invalid,3.0,2.0,1.0,2.0,1.0,unknown
4.0,24.0,2.0,0.0,2255.0,5.0,2.0,4.0,3.0,1.0,1.0,2.0,54.0,3.0,2.0,1.0,3.0,2.0,1.0,,1.0,unknown
4.0,12.0,2.0,3.0,1262.0,1.0,3.0,3.0,3.0,1.0,2.0,3.0,25.0,3.0,2.0,1.0,3.0,2.0,1.0,2.0,1.0,896
4.0,33.0,4.0,1.0,7253.0,1.0,4.0,3.0,3.0,1.0,2.0,3.0, 35.0 ,3.0,2.0,2.0,4.0,2.0,2.0,2.0,1.0,unknown
4.0,6.0,4.0,0.0,6761.0,1.0,4.0,1.0,3.0,1.0,3.0,4.0,45.0,3.0,2.0,231.0,4.0,1.0,2.0,2.0,1.0,462
4.0,18.0,4.0,2.0,1817.0,1.0,3.0,4.0,2.0,1.0,2.0,4.0,28.0,3.0,2.0,2.0,3.0,2.0,1.0,2.0,1.0,376
4.0,12.0,2.0,3.0,2141.0,2.0,4.0,3.0,3.0,1.0,1.0,4.0,, 3.0 ,2.0,34.0,3.0,2.0,1.0,2.0,1.0,813
4.0,48.0,1.0,9.0, 3609.0 ,1.0,3.0,1.0,2.0,1.0,1.0,1.0,27.0,2.0,2.0,1.0,3.0,2.0,1.0,2.0,1.0,bad
4.0,30.0,2.0,3.0,2333.0,3.0,5.0,4.0,3.0,1.0,2.0,3.0,30.0,1.0,2.0,1.0,4.0,2.0,1.0,2.0,1.0,914
4.0,28.0,1.0,1.0,7824.0,5.0,2.0,3.0,3.0,3.0, 4.0 ,1.0,40.0,1.0,1.0,2.0,3.0,1.0,2.0,2.0,1.0,462
3.0,18.0,1.0,3.0,1445.0,5.0,4.0,4.0,3.0,1.0,4.0,3.0,49.0,1.0,2.0,1.0,2.0,2.0,1.0,2.0,1.0,
1.0,24.0,2.0,2.0,7721.0,5.0,2.0,1.0,2.0,1.0,2.0,2.0,30.0,,2.0, 1.0 ,3.0,2.0,2.0,1.0,1.0,870
1.0,21.0,2.0,0.0,3763.0,5.0,4.0,2.0,3.0, 2.0 ,2.0,1.0, 24.0 ,3.0,2.0,1.0,2.0,2.0,1.0,1.0,1.0,bad
2.0, 18.0 ,2.0,9.0,4439.0,1.0,5.0,1.0,3.0,2.0,1.0,1.0,33.0,1.0,2.0,1.0, 4.0 ,2.0,2.0, 2.0 ,1.0,753
1.0,12.0,2.0,3.0,1107.0,1.0,3.0,2.0,3.0,1.0,2.0,1.0, 20.0 ,3.0,1.0,45.0,4.0,94.0,2.0,,1.0,509
2.0,15.0,2.0,3.0,1444.0,5.0,2.0,4.0,3.0,1.0,1.0,2.0,23.0,3.0,2.0,1.0,3.0,2.0,1.0,2.0,1.0,
2.0,48.0,1.0,0.0,12169.0,5.0,1.0,4.0,3.0,2.0,4.0,4.0,36.0,3.0,3.0,1.0,4.0,2.0,2.0,2.0,1.0,209
4.0,9.0, 2.0 ,3.0,2753.0,2.0, 5.0 ,3.0,3.0,2.0, 4.0 ,3.0,35.0,3.0,2.0,1.0,3.0,2.0,2.0,2.0,1.0,249
3.0,4.0,2.0,0.0,1494.0,5.0,2.0,1.0,3.0,1.0,2.0,1.0,29.0,3.0,2.0,1.0,2.0,1.0,1.0,1.0,1.0,652
1.0,24.0,1.0,2.0, 2828.0 ,3.0,3.0,4.0,3.0,1.0,4.0,1.0,22.0,2.0,2.0,1.0,3.0,2.0,2.0,2.0,1.0,unknown
1.0,24.0, 1.0 ,2.0,2483.0,3.0,3.0,4.0,3.0,1.0,4.0,1.0,22.0,2.0,2.0,1.0,3.0,2.0,2.0,2.0,1.0,669
3.0, 6.0 ,4.0,0.0,1299.0,1.0,3.0,1.0,3.0,1.0,1.0,1.0,74.0,3.0, 2.0 ,3.0,1.0,1.0,1.0,1.0, 1.0 ,unknown
2.0,9.0,2.0,0.0,1549.0,5.0,2.0,4.0,3.0,1.0,2.0,1.0,35.0,3.0,2.0,1.0,1.0,2.0,1.0,2.0,1.0,unknown
3.0,10.0,2.0,0.0,3949.0,1.0,2.0,1.0,3.0,3.0,1.0,2.0,37.0,3.0,2.0,1.0,2.0,1.0,1.0,2.0,1.0,925
4.0,10.0,2.0,1.0,2901.0, 5.0 ,2.0,1.0,2.0,1.0,4.0,1.0,31.0,3.0,1.0,1.0,3.0,2.0,1.0,2.0, 1.0 ,171
3.0,6.0,2.0,0.0,709.0,4.0, 2.0 ,2.0,4.0,1.0,2.0,1.0, 27.0 ,3.0, 2.0 ,1.0,1.0,2.0,1.0,1.0,1.0,138
1.0,47.0,2.0,0.0,10722.0,1.0,2.0,1.0, 2.0 ,1.0,1.0,1.0,35.0,3.0,2.0,1.0,2.0,2.0,2.0,2.0,,834
4.0,10.0,2.0,0.0,1287.0,5.0,5.0,4.0,3.0, 2.0 ,2.0,2.0,45.0,3.0,2.0,1.0,2.0,2.0,1.0,1.0, 1.0 ,204
1.0,18.0,1.0,3.0,1940.0,1.0,2.0,3.0,3.0,2.0,4.0,4.0,36.0,1.0,3.0,1.0,4.0,2.0,2.0,invalid,1.0,647
3.0,30.0,4.0,3.0, 3656.0 ,5.0,5.0,4.0,3.0,1.0,4.0,2.0,49.0,2.0,2.0,2.0,2.0,2.0,1.0, 2.0 ,1.0,106
4.0,24.0,3.0,1.0,4679.0,1.0,4.0,3.0,3.0,1.0,3.0,3.0,35.0,3.0, 2.0 ,2.0,2.0,2.0,2.0,2.0,1.0,bad
4.0,27.0,3.0,1.0,8613.0,4.0,3.0,2.0,3.0,1.0,2.0,3.0,27.0,3.0,2.0,2.0,3.0,2.0,1.0,2.0,1.0,201
1.0,18.0,2.0,2.0,2659.0,4.0,3.0,4.0,3.0,1.0,2.0,3.0,28.0,3.0,2.0,1.0,3.0,2.0,1.0,2.0,1.0,520
4.0,24.0, 4.0 ,3.0,1516.0,4.0,3.0,4.0,2.0,1.0,1.0,1.0,43.0, 3.0 ,2.0,2.0,2.0,2.0,1.0,2.0,1.0,290
1.0,18.0,2.0,0.0,4380.0,2.0, 3.0 ,3.0,3.0,1.0, 4.0 ,3.0,35.0,3.0,2.0,1.0,2.0, 1.0 ,2.0,2.0,1.0,223
4.0,14.0,3.0,0.0,802.0,1.0,3.0, 4.0 ,3.0, 1.0 ,2.0, 3.0 ,27.0,3.0,2.0,2.0,2.0,2.0,1.0,2.0,1.0,837
4.0,21.0,2.0,9.0,1572.0,4.0,5.0,4.0,2.0,1.0,4.0,1.0,36.0,1.0,2.0,1.0,2.0,2.0,1.0,2.0,1.0,unknown
2.0,48.0,1.0,9.0,3566.0,2.0,4.0,4.0,3.0,1.0,2.0,3.0,30.0,3.0,2.0,1.0,3.0,2.0,1.0,2.0,1.0,95
4.0,24.0,2.0,3.0,1278.0,1.0,5.0,4.0,3.0,1.0,1.0,1.0,36.0,3.0,2.0,1.0,4.0,2.0, 2.0 ,2.0,1.0,110
 4.0 ,6.0,0.0,3.0,426.0,,5.0,4.0,4.0,1.0,4.0,3.0,39.0,3.0,2.0,1.0,2.0,2.0,1.0,2.0,1.0,unknown
4.0,39.0,2.0,1.0,8588.0,2.0,5.0, 4.0 ,3.0,1.0,2.0,3.0,45.0,3.0,2.0,1.0,4.0,2.0,575.0,2.0,1.0,475
1.0,30.0,2.0,1.0,3857.0,1.0,3.0,4.0,1.0,1.0,4.0,2.0,40.0,3.0,2.0,1.0,4.0,2.0,2.0, 2.0 ,1.0,
 2.0 ,12.0,2.0,0.0,685.0,1.0,4.0,2.0,4.0,1.0,3.0,3.0,25.0,1.0,2.0,1.0,2.0,2.0,1.0,2.0,0.0,807
?,24.0,2.0, 3.0 ,1603.0,1.0,5.0,4.0,2.0,1.0,4.0,3.0,55.0,3.0,2.0,1.0,3.0,2.0,1.0,2.0,1.0,unknown
4.0,21.0,2.0,2.0,2241.0,1.0,5.0,4.0,3.0, 1.0 ,2.0,1.0,50.0,3.0,2.0,2.0,3.0,2.0, 1.0 ,2.0,1.0,unknown
1.0,840.0,2.0,3.0,2384.0,1.0,5.0,4.0,3.0,1.0,4.0,1.0,64.0,1.0,1.0,1.0,2.0,2.0,1.0,134.0,1.0,
4.0,4.0,2.0,2.0,601.0,1.0,2.0,1.0,2.0,1.0,3.0,1.0,23.0,3.0,1.0,1.0,2.0,1.0,,2.0,1.0,560
4.0,39.0,2.0,1.0,2569.0,3.0,3.0,4.0,3.0,1.0,4.0,3.0,24.0,3.0,2.0,1.0, 3.0 ,2.0,1.0,2.0,1.0,529
4.0,15.0, 4.0 ,3.0,1316.0,3.0,3.0,2.0,4.0,1.0,2.0,2.0,47.0,3.0,2.0,2.0,2.0,2.0,1.0,2.0,123.0,unknown
4.0,60.0,166.0,0.0,10366.0,1.0,5.0,2.0,3.0,1.0,4.0,2.0,42.0,3.0,2.0,1.0,4.0,20.0,invalid,2.0,1.0,205
4.0,18.0,2.0,9.0,1568.0, 2.0 ,3.0,3.0,2.0,1.0,4.0,2.0,24.0,3.0,1.0,1.0,2.0,2.0,1.0,2.0,1.0,59
4.0,18.0,4.0,3.0,629.0, 3.0 ,,4.0,3.0,1.0,3.0,2.0,32.0,1.0,2.0,2.0,4.0,2.0,2.0,2.0,1.0,731
4.0,6.0,1.0,3.0,1750.0,3.0,5.0,2.0,3.0,1.0,4.0,186.0,45.0,,2.0,1.0,2.0,1.0,1.0,2.0,1.0,953
4.0,24.0,2.0, 1.0 ,3488.0,2.0,4.0,3.0, 2.0 ,1.0,4.0,3.0,23.0,3.0,2.0,1.0,3.0,2.0,1.0,2.0,1.0,579
4.0,18.0,4.0,3.0,1800.0,1.0,3.0, 4.0 ,3.0,1.0,2.0,3.0,24.0,3.0,2.0,2.0,3.0,2.0,1.0,2.0,invalid,117
4.0,24.0,3.0,2.0,4151.0, 2.0 ,3.0,2.0,3.0,1.0,3.0,2.0,35.0,3.0,2.0,2.0,3.0,2.0,1.0,2.0,1.0,112
2.0,15.0,2.0,5.0,2631.0, 2.0 ,3.0,3.0,2.0,1.0,2.0,1.0,25.0, 3.0 ,2.0,1.0,2.0,2.0,1.0,2.0,1.0,544
4.0,21.0,2.0,1.0,5248.0,5.0,3.0,1.0,3.0,1.0,3.0,3.0,26.0,3.0,2.0,1.0,3.0,2.0,1.0,2.0,1.0,895
2.0,18.0,3.0,0.0,2899.0,5.0,,4.0,3.0,1.0,4.0,3.0,43.0,3.0,2.0,1.0,3.0,1.0,1.0, 2.0 ,1.0,613
2.0,18.0, 3.0 ,5.0,6204.0,1.0,3.0,2.0,3.0,1.0,4.0,1.0,44.0,3.0,2.0,1.0,2.0,1.0,2.0,2.0,1.0,unknown
4.0,12.0,2.0,3.0,804.0,1.0,5.0,4.0,3.0,1.0,4.0,3.0,38.0,3.0,2.0,1.0,3.0,2.0,1.0,170.0,1.0,620
4.0,36.0,2.0,3.0,3595.0,1.0,5.0,4.0,3.0,1.0,2.0,3.0,28.0,3.0,2.0,invalid,3.0,2.0,1.0,2.0,1.0,156
4.0,36.0,4.0,1.0,5711.0,272.0,5.0, 4.0 ,3.0,1.0,2.0,3.0,38.0,673.0,2.0,2.0,4.0,2.0, 2.0 ,2.0,1.0,unknown
3.0,15.0,2.0,9.0,2687.0,1.0,4.0,2.0, 3.0 ,1.0,4.0,2.0,26.0,3.0,1.0,92.0,3.0,2.0,2.0,2.0,1.0,981
1.0,15.0,3.0,2.0,3643.0,1.0,5.0,1.0,2.0,1.0,4.0,2.0,27.0,3.0,2.0,2.0,2.0,2.0,1.0,2.0,1.0,629
4.0,10.0,4.0,2.0,2146.0,1.0,2.0,1.0,2.0,1.0,3.0,1.0,23.0,3.0,1.0,2.0,3.0,2.0,1.0,2.0,1.0,102
1.0,10.0,2.0,3.0,2315.0,1.0,5.0,3.0,3.0,1.0,4.0,1.0,52.0,3.0,2.0,1.0,2.0,2.0,1.0,2.0,1.0,201
4.0,5.0,2.0,9.0, 3448.0 ,1.0,4.0,1.0,3.0,1.0,4.0,N/A,74.0,3.0,2.0,1.0,2.0,2.0,1.0,2.0,1.0,59
4.0,15.0,2.0,2.0,2708.0,1.0,2.0,2.0,3.0,1.0,3.0,2.0,27.0,1.0,2.0,2.0,2.0,2.0,1.0,2.0,1.0,401
4.0,11.0,4.0, 0.0 ,1393.0,1.0,2.0,4.0,2.0,1.0,4.0,3.0,35.0,3.0, 2.0 ,2.0,4.0,2.0,1.0,2.0,1.0,bad
3.0,10.0,2.0,2.0,1275.0,1.0,2.0,4.0,2.0,1.0,2.0,2.0,23.0,3.0,2.0,1.0,3.0,2.0,1.0,2.0,1.0,979
4.0,9.0,2.0,2.0,1313.0,1.0,5.0,1.0, 3.0 ,1.0,4.0,3.0,20.0,3.0,2.0,1.0,3.0, 2.0 ,1.0,2.0,1.0,319
4.0,12.0,2.0,3.0,1493.0,1.0,2.0,4.0,2.0,1.0,3.0,3.0,34.0,3.0,2.0,1.0,3.0,1.0,1.0,2.0,1.0,34
4.0,22.0,2.0,3.0,2675.0,3.0,5.0,3.0,3.0, 1.0 ,4.0,3.0,40.0,3.0,2.0, 1.0 ,3.0,2.0,1.0,2.0,1.0,433
2.0,9.0,2.0,3.0,2118.0,1.0,3.0,2.0,,1.0,2.0,1.0,37.0,3.0,2.0,1.0,2.0,1.0,1.0,2.0, 1.0 ,737
4.0,36.0,2.0,0.0,909.0,3.0,5.0,4.0,3.0,1.0,4.0,2.0,36.0,3.0,2.0,1.0,3.0,2.0,1.0,2.0,1.0,
4.0,12.0,4.0,2.0,1258.0,1.0,2.0,2.0,2.0,1.0,4.0,2.0,22.0,3.0,1.0,2.0,,2.0,1.0,2.0,1.0,unknown
4.0,15.0,1.0,3.0,1569.0,2.0,5.0,4.0,3.0,1.0,4.0,3.0,34.0,1.0,2.0,1.0,2.0,1.0,1.0, 2.0 ,1.0,
4.0,6.0,2.0, 1.0 ,1236.0,3.0,3.0,2.0,3.0,1.0,4.0,?,50.0,3.0,1.0,1.0,3.0,2.0, 1.0 ,2.0,1.0,522
4.0,36.0,3.0,2.0,7678.0,1000.0,4.0,2.0,2.0,1.0,, 3.0 ,40.0,3.0,2.0,2.0, 3.0 ,2.0,2.0,2.0,1.0,559
4.0,6.0,2.0,5.0,660.0,3.0,4.0,2.0,4.0,1.0,4.0,1.0,23.0,3.0,1.0,1.0,2.0,2.0,1.0,2.0,1.0,24
4.0,24.0,2.0,2.0,2835.0,3.0,5.0,3.0,3.0, 1.0 ,4.0,2.0,53.0,3.0,2.0,1.0,3.0,2.0, 1.0 ,2.0,1.0,5
4.0,24.0,2.0,1.0,2670.0,1.0, 5.0 ,4.0,3.0,1.0,4.0,3.0,35.0,3.0,2.0,1.0,4.0,30.0,2.0,2.0,1.0,795
4.0,12.0,1.0,8.0,3447.0,3.0, 3.0 ,4.0,2.0,1.0,3.0,1.0,35.0,3.0,2.0,1.0,2.0,1.0,1.0,2.0,1.0,384
4.0,15.0,2.0,3.0,3568.0,1.0,5.0,4.0,2.0, 1.0 ,2.0,3.0,54.0,1.0,1.0,1.0,4.0,2.0, 2.0 ,2.0,1.0,688
2.0,21.0,4.0,9.0,3652.0,1.0,4.0,2.0,3.0,1.0,3.0, 2.0 ,27.0,3.0,2.0,,3.0,2.0,1.0,2.0,1.0,944
 1.0 ,24.0,2.0,3.0,3660.0,1.0,3.0,2.0,2.0,1.0,4.0,3.0,28.0,3.0,2.0,1.0,3.0,2.0,1.0,2.0,1.0,244
 3.0 ,9.0,2.0,3.0,1886.0,2.0,5.0,2.0,1.0,1.0,4.0, 1.0 ,49.0,3.0,2.0,1.0,3.0,2.0,1.0,2.0,1.0,774
3.0,6.0,3.0,3.0,683.0,1.0,2.0,2.0,2.0,1.0,1.0,2.0,29.0,1.0,2.0,1.0,3.0,2.0,1.0,2.0,1.0,213
3.0,12.0,2.0,2.0,2251.0,1.0,3.0,1.0,2.0,1.0,2.0,3.0,46.0,3.0,2.0,1.0,2.0,2.0,1.0,2.0,1.0,740
4.0, 12.0 ,2.0,,4675.0,5.0,2.0, 1.0 ,2.0,1.0,4.0,3.0,20.0,3.0,1.0,1.0,3.0,2.0,1.0, 2.0 ,,159
2.0,21.0,3.0,0.0,2353.0,1.0,3.0,1.0,1.0,1.0,4.0,2.0,47.0,3.0,2.0,2.0,3.0,2.0,1.0, 2.0 ,1.0,304
1.0,21.0,2.0,3.0,3357.0,4.0,2.0,4.0,2.0,1.0,2.0,3.0,29.0,1.0,2.0,1.0,3.0,2.0,1.0,2.0, 1.0 ,470
4.0,6.0,2.0,0.0,672.0,1.0,1.0,1.0,2.0,1.0,4.0,1.0,54.0, 3.0 ,2.0,1.0,1.0,2.0,2.0,2.0,1.0,bad
1.0,6.0,4.0,3.0,338.0,3.0,5.0,4.0,3.0,1.0,4.0,3.0,52.0,3.0,2.0,2.0,3.0,2.0,?,2.0,1.0,30
518.0,9.0,2.0,3.0,2697.0,1.0,3.0,1.0,3.0,1.0,,1.0,32.0, 3.0 ,2.0,1.0,3.0,1.0,1.0,2.0,1.0,844
4.0,9.0, 2.0 ,0.0,2507.0,3.0,5.0,2.0,3.0,1.0,4.0,4.0,51.0,3.0,3.0,1.0,2.0,2.0,1.0,2.0,1.0,6
4.0,15.0,3.0, 3.0 ,1478.0,1.0,3.0,4.0,4.0,1.0,3.0,1.0,33.0,1.0,2.0,2.0,3.0,2.0,1.0,2.0,1.0,880
4.0,12.0,4.0,6.0,3565.0,5.0,90.0,2.0,3.0,1.0,1.0,2.0,37.0,3.0,2.0,2.0,2.0,1.0,1.0,2.0, 1.0 ,206
4.0,15.0,2.0,2.0,2221.0,3.0,3.0,2.0,2.0,1.0,4.0, 3.0 ,20.0,3.0,1.0,1.0,3.0,2.0,1.0,2.0,1.0,710
4.0,6.0,4.0,3.0,1898.0,5.0,3.0,1.0,3.0,1.0,2.0,1.0,34.0, 3.0 ,2.0,2.0,2.0,1.0,1.0,2.0,1.0,711
2.0,248.0, 60.0 ,9.0,1449.0,2.0,5.0,1.0,1.0,1.0,2.0,3.0,31.0,1.0,2.0,2.0,3.0,1.0,1.0,2.0,1.0,unknown
 4.0 ,15.0,, 2.0 ,960.0,4.0,4.0,3.0,2.0,1.0,2.0,2.0,30.0,3.0,2.0,2.0,3.0,2.0,1.0,2.0,1.0,unknown
4.0,36.0,2.0,1.0,8133.0,1.0,3.0,1.0,2.0,416.0,2.0,2.0,30.0,1.0,2.0,1.0,3.0,2.0,1.0,2.0,1.0,73
4.0,9.0,2.0,2.0,2301.0,2.0,2.0,2.0,2.0,1.0,4.0,2.0,22.0,3.0,error,1.0,3.0,2.0,1.0, 2.0 ,1.0,900
4.0,6.0,3.0,9.0,1743.0,2.0,3.0,1.0,3.0,1.0,2.0,1.0,34.0,3.0,2.0,2.0,2.0, 2.0 ,1.0,2.0,1.0,unknown
2.0,12.0,2.0,2.0, 983.0 ,4.0,2.0,1.0,2.0,1.0,4.0,1.0,19.0,3.0,1.0,1.0,2.0,2.0,1.0,2.0,1.0,658
4.0,18.0,3.0,3.0,2320.0,1.0,,2.0,4.0,1.0,3.0,1.0,34.0,3.0,2.0,2.0,3.0,2.0,1.0,2.0,1.0,unknown
1.0,12.0,1.0,8.0,339.0,1.0,5.0,4.0,4.0,1.0,1.0,3.0,45.0,1.0,2.0,1.0,2.0,2.0,1.0,2.0,1.0,bad
3.0,24.0,2.0,3.0,5152.0,1.0,4.0,4.0,3.0,1.0,2.0,3.0,25.0,1.0,2.0,1.0,3.0,2.0,1.0,2.0,1.0,359
3.0,24.0,2.0,2.0,3749.0,1.0,2.0,2.0,?,1.0,4.0,3.0,26.0,3.0,2.0,1.0,108.0,2.0,1.0,2.0,1.0,481
4.0,9.0,4.0,3.0,3074.0,5.0,3.0,1.0, 3.0 ,1.0,2.0,1.0,33.0,3.0,2.0, 2.0 ,3.0,1.0,1.0,2.0,1.0,23
3.0,9.0,2.0,3.0,745.0,1.0, 3.0 ,3.0,2.0,1.0,2.0,1.0,28.0,3.0,2.0,1.0,2.0,2.0, 1.0 ,2.0,0.0,unknown
4.0,24.0,2.0,0.0,1469.0,2.0,5.0,4.0,4.0, 1.0 , 4.0 ,1.0,41.0,3.0,1.0,1.0,2.0,2.0,1.0,2.0,1.0,435
1.0,6.0,2.0,2.0,1374.0,1.0,3.0,1.0,3.0,1.0,2.0,1.0,36.0,1.0,2.0,1.0,2.0,2.0,2.0,2.0,1.0,717
4.0,6.0,1.0,0.0,783.0,5.0,3.0,1.0,3.0,3.0,2.0,1.0,26.0,2.0,2.0,1.0,2.0,1.0,1.0,NULL,,597
1.0,21.0,2.0,3.0,2606.0,1.0,2.0,4.0,2.0,1.0,4.0,2.0,28.0,3.0,1.0,1.0,4.0,2.0,2.0,2.0,1.0,bad
4.0,54.0,0.0,1.0,9436.0,5.0,3.0,2.0,3.0,1.0,2.0,2.0,39.0,3.0,2.0,1.0,2.0,1.0,1.0,2.0,1.0,unknown
4.0,12.0,4.0,, 930.0 ,5.0,5.0,4.0,3.0,1.0,4.0,1.0,65.0,3.0,2.0,4.0,3.0,2.0,1.0,2.0,1.0,223
4.0,48.0,4.0,1.0,2751.0,5.0,5.0,4.0,3.0,1.0,3.0,3.0,38.0,3.0,2.0,2.0,3.0,1.0,2.0,2.0,1.0,555
4.0,6.0,4.0,0.0,250.0,4.0,3.0,2.0,, 1.0 ,2.0,1.0,41.0,1.0,2.0,2.0, 2.0 ,2.0,1.0,2.0,1.0,540
2.0,24.0,2.0,0.0,1201.0,1.0,2.0,4.0,3.0,1.0,1.0,2.0,26.0,3.0,2.0,1.0,3.0,2.0,1.0,2.0,1.0,
1.0,6.0,2.0,0.0,662.0,1.0,2.0,3.0,3.0,1.0,,1.0,41.0,3.0,2.0,1.0,2.0,1.0,2.0,2.0,1.0,bad
4.0,15.0, 2.0 ,1.0,1300.0,5.0,5.0,4.0,3.0,1.0,4.0,4.0,45.0,1.0,3.0,1.0,3.0,1.0,1.0,2.0,1.0,519
4.0,24.0,1.0,9.0,1559.0,1.0,4.0,4.0,3.0,1.0,4.0,3.0,40.0,1.0,2.0,1.0,3.0,2.0,20.0,2.0,1.0,unknown
3.0,12.0,2.0,3.0, 3016.0 ,1.0,3.0,3.0,4.0,1.0,1.0,3.0,24.0,3.0,2.0,1.0,3.0,2.0,1.0,2.0,1.0,979
4.0,15.0,4.0, 3.0 ,1360.0,1.0,3.0,4.0,3.0,1.0,2.0,2.0,31.0,3.0,2.0,2.0,3.0,,1.0,2.0,1.0,495
4.0,6.0,0.0,0.0,1204.0,2.0,3.0,4.0,3.0,1.0, 1.0 ,4.0,35.0,1.0,1.0,1.0,3.0,2.0,1.0, 1.0 ,1.0,bad
4.0,10.0,2.0,0.0,1597.0,3.0,3.0,3.0,3.0,1.0,2.0,4.0,40.0,3.0,1.0,1.0,2.0,1.0,1.0,1.0,1.0,475
4.0,12.0,2.0,3.0,2073.0,2.0,3.0,4.0,2.0,2.0,2.0,1.0,28.0,3.0,2.0,1.0,3.0, 2.0 ,1.0,2.0,1.0,bad
4.0,11.0,2.0,9.0,2142.0,4.0,5.0,1.0,1.0,1.0,2.0,1.0,28.0,3.0,2.0,1.0,3.0,2.0,2.0,2.0,1.0,306
1.0,10.0,4.0,2.0,2132.0,5.0,2.0,invalid,2.0,2.0,3.0,1.0,27.0,?,1.0,2.0,3.0, 2.0 ,1.0,1.0,1.0,381
error,10.0,2.0,0.0,1546.0,1.0,3.0,3.0,3.0, 1.0 ,920.0,1.0,31.0,3.0,2.0,1.0,2.0,1.0,1.0,1.0,1.0,368
4.0,24.0,4.0,0.0,1287.0,4.0,5.0,4.0,2.0,1.0,4.0,1.0,37.0,3.0,2.0,402.0,3.0,2.0,2.0,2.0,1.0,623
4.0,10.0,2.0,0.0,1418.0,2.0,3.0,3.0,3.0,1.0,2.0,1.0,35.0,3.0,1.0,1.0,2.0,2.0,1.0,1.0,1.0,699
,6.0,4.0,0.0,1343.0,1.0,5.0,1.0,110.0,1.0,4.0, 1.0 ,46.0,3.0,2.0,2.0,3.0,1.0,1.0,1.0,1.0,bad
4.0,18.0,2.0, 0.0 ,2662.0,5.0,4.0,4.0,3.0,1.0,3.0,2.0,32.0,3.0,2.0,1.0,3.0,2.0,1.0,1.0,1.0,263
916.0, 18.0 ,4.0,3.0,6070.0,1.0,5.0,3.0,3.0,1.0, 4.0 ,3.0,33.0,3.0,2.0,2.0,3.0,2.0,2.0,2.0,1.0,688
4.0,24.0,4.0,6.0,1927.0,5.0,3.0,3.0,2.0,1.0,2.0,3.0,33.0,3.0,2.0,2.0,3.0,2.0,2.0,2.0,1.0,275
4.0,18.0,4.0,3.0,2404.0,1.0,3.0,2.0,2.0,1.0,2.0,3.0,26.0, 3.0 , 2.0 ,2.0, 3.0 ,2.0,1.0,2.0,1.0,897
4.0,,4.0,3.0,1554.0,1.0,4.0,1.0,2.0,1.0,2.0,3.0,24.0,3.0,1.0,2.0,3.0,2.0,2.0,2.0,1.0,624
4.0,22.0, 2.0 ,0.0,1283.0,5.0,4.0,4.0,2.0,1.0, 4.0 ,2.0,25.0,3.0,1.0, 1.0 ,3.0,2.0,1.0,2.0,1.0,440
 360.0 ,24.0,3.0,0.0,717.0,5.0,5.0,4.0,4.0,1.0,4.0,3.0,54.0,3.0,2.0,2.0,710.0,2.0,2.0,2.0,1.0,233
1.0,24.0,2.0,2.0, 1747.0 ,1.0,2.0,4.0, 3.0 ,2.0,1.0,2.0,24.0,3.0,2.0,1.0,2.0,2.0,1.0,1.0,1.0,757
1.0,9.0,4.0,5.0,1288.0,2.0,5.0,3.0,3.0,3.0,4.0,1.0,48.0,3.0,2.0,2.0,,1.0,1.0,1.0,1.0,609
1.0,10.0,4.0,0.0,1038.0,1.0,4.0,4.0,3.0,2.0,3.0,2.0,49.0,3.0,2.0,2.0,3.0,2.0,2.0,2.0,1.0,882
4.0,10.0,2.0,1.0,2848.0,2.0,3.0,1.0,3.0,2.0,2.0,1.0,32.0,3.0,2.0,1.0,3.0,1.0, 1.0 ,2.0,1.0,706
4.0,12.0, 2.0 ,1.0,1413.0,4.0,4.0,3.0,3.0, 1.0 ,2.0,2.0,55.0,3.0,2.0,1.0,3.0, 2.0 ,1.0,1.0,1.0,bad
4.0,30.0,4.0,3.0,3077.0,5.0,5.0,3.0,3.0,1.0,160.0,3.0,40.0,3.0,2.0,2.0,3.0,1.0,2.0,,1.0,92
1.0,24.0, 1.0 ,1.0,3632.0,1.0,3.0,1.0,2.0,3.0,4.0,3.0,22.0,1.0,1.0,1.0,3.0,2.0,1.0,1.0,1.0,
4.0,18.0,4.0,1.0,3229.0,5.0, 1.0 ,2.0,3.0, 1.0 ,4.0,4.0,38.0,3.0,2.0,1.0,4.0,2.0,2.0,2.0,1.0,658
4.0,9.0,2.0,0.0,3577.0,2.0,3.0,1.0,3.0,3.0,2.0,1.0,26.0,3.0,1.0,1.0,3.0,1.0,1.0, 1.0 ,1.0,bad
4.0,12.0,4.0,0.0,682.0,2.0,4.0,4.0,2.0,1.0,3.0, 3.0 ,51.0,3.0,2.0,2.0,3.0,2.0,2.0,2.0,1.0,bad
4.0,10.0,2.0,3.0,1924.0,, 267.0 ,1.0,3.0,1.0,4.0,2.0,38.0,3.0,2.0,1.0,3.0,2.0,2.0,1.0,1.0,882
4.0,10.0,2.0,6.0,727.0,3.0,5.0,4.0,3.0,1.0, 4.0 ,4.0,46.0,3.0,3.0,1.0,3.0,2.0,2.0,2.0,1.0,585
3.0,10.0,4.0,0.0,781.0,1.0,5.0,4.0,3.0,1.0,4.0,4.0,63.0,3.0,3.0,2.0,3.0,2.0,2.0,2.0,1.0,729
1.0,12.0,4.0,0.0,2121.0,1.0,3.0,4.0,3.0,1.0,2.0,2.0,30.0,3.0,2.0,2.0,3.0,2.0,1.0,2.0,1.0,bad
4.0, 12.0 ,4.0,,701.0,1.0,3.0,4.0,3.0,1.0, 2.0 ,3.0,32.0,3.0,2.0,2.0,3.0,2.0,1.0,2.0,1.0,958
4.0,10.0,4.0, 2.0 ,2069.0,5.0,3.0,2.0,4.0,1.0,1.0,3.0,26.0,3.0,2.0,2.0,3.0, 2.0 ,1.0,1.0,1.0,35
4.0, 24.0 ,2.0, 0.0 ,1525.0,4.0,4.0,4.0,2.0,1.0,3.0,3.0,34.0,3.0,2.0,1.0,3.0,1.0,2.0,2.0,1.0,292
4.0, 48.0 ,4.0,9.0,7629.0,5.0,5.0,4.0,1.0,1.0,2.0,3.0,46.0,1.0,2.0,2.0,4.0,1.0,1.0,2.0,1.0,697
1.0,12.0,4.0,0.0,3499.0,1.0,3.0,N/A,2.0,2.0,2.0,1.0,29.0,3.0,2.0, 2.0 ,3.0,2.0,1.0,2.0,0.0,unknown
4.0,6.0, 2.0 ,3.0,1346.0,2.0,,2.0,3.0,1.0,4.0,4.0,42.0,1.0,3.0,1.0,3.0,1.0,2.0,2.0,1.0,242
4.0,36.0,4.0,1.0,10477.0,5.0,5.0,2.0,3.0,1.0,4.0,4.0,42.0,3.0,3.0,2.0,3.0,2.0,1.0,2.0,1.0,801
1.0,24.0,2.0,1.0,2924.0,1.0,3.0,3.0,3.0, 3.0 ,4.0,4.0,63.0,1.0,2.0, 1.0 ,3.0, 1.0 ,2.0,2.0,1.0,460
4.0,10.0,4.0,0.0,1231.0,1.0,5.0,3.0,3.0,1.0,4.0,1.0,32.0,3.0,2.0,2.0,2.0,1.0,1.0,1.0,1.0,857
3.0,18.0,2.0,0.0,1961.0,1.0,5.0,3.0,2.0,1.0,2.0,3.0,23.0,3.0,2.0,1.0,4.0,2.0, 1.0 ,2.0,1.0,bad
4.0,15.0,4.0,0.0,5045.0,5.0, 5.0 ,1.0,2.0,1.0,4.0, 3.0 ,59.0,3.0,2.0, 1.0 ,3.0,2.0,2.0,2.0,1.0,bad
4.0,12.0,4.0,0.0,1255.0,1.0,5.0,4.0,3.0,1.0,4.0,1.0,61.0,3.0,2.0,2.0,2.0,2.0,1.0,2.0,1.0,207
1.0,12.0,,2.0,1858.0,1.0,2.0,4.0,2.0,1.0,1.0,3.0,22.0, 3.0 ,1.0,1.0,3.0,2.0,1.0,2.0,1.0,138
4.0,6.0,4.0,2.0,1221.0,5.0,3.0,1.0,4.0,1.0,2.0,2.0,27.0,3.0,2.0,2.0,3.0,2.0,1.0,2.0,1.0,705
4.0,9.0,2.0,2.0,1388.0,1.0,3.0,4.0,2.0,1.0,2.0,1.0,26.0, 3.0 , 1.0 ,1.0,3.0,2.0, 1.0 ,2.0,1.0,680
4.0,12.0,2.0,3.0,2279.0,5.0,3.0, 4.0 ,3.0,1.0,4.0, 4.0 ,37.0,3.0,3.0,1.0, 3.0 ,2.0,2.0,2.0,1.0,293
4.0,12.0,0.0,2.0,3263.0,1.0,5.0, 2.0 ,3.0,1.0, 4.0 ,2.0,34.0,3.0,2.0,2.0,3.0,2.0,1.0, 2.0 ,1.0,unknown
3.0,24.0, 2.0 ,3.0, 1258.0 ,3.0,3.0,3.0,2.0,1.0, 3.0 ,3.0,57.0,3.0,2.0,1.0,2.0,2.0,1.0,2.0,1.0,941
2.0,12.0,0.0,8.0,1410.0,1.0,3.0,2.0,3.0,1.0,2.0,1.0,31.0,3.0,2.0,1.0,2.0, 2.0 ,2.0, 2.0 ,1.0,333
1.0,15.0,2.0,0.0,1403.0,1.0,3.0,2.0,2.0,1.0,4.0,3.0,28.0,3.0,1.0,1.0,3.0,2.0,1.0,invalid,1.0,501
1.0,24.0,2.0,,3021.0,1.0,3.0,2.0,1.0,1.0,2.0,1.0,24.0,3.0,1.0,1.0,2.0,2.0,1.0,2.0,1.0,208
1.0,24.0,2.0,9.0,6568.0,1.0,3.0,2.0,4.0,1.0, 2.0 ,3.0,21.0, 2.0 ,2.0,1.0,2.0,2.0,1.0,2.0,1.0,518
4.0,24.0,4.0,3.0,2578.0,4.0,5.0,2.0,3.0,,2.0,3.0,34.0,3.0, 2.0 ,1.0,3.0,2.0,1.0,2.0,1.0,885
2.0,24.0,4.0,1.0,7758.0,4.0,5.0,2.0,2.0,1.0,4.0,4.0,29.0,3.0,1.0,1.0,3.0,2.0,1.0,2.0,1.0,635
,6.0,2.0,4.0,343.0,1.0,2.0,4.0,2.0,,1.0,1.0,27.0,3.0,2.0,1.0,3.0,2.0,1.0,2.0,1.0,141
4.0, 21.0 ,3.0,2.0,1591.0,2.0,4.0,4.0,3.0,1.0,3.0,1.0,34.0,966.0,2.0,2.0,4.0,2.0,1.0,2.0,1.0,740
1.0,27.0,2.0,3.0,3416.0,1.0,3.0,3.0, 3.0 ,1.0,2.0,3.0,27.0,3.0,2.0,1.0,4.0,2.0,1.0,2.0,1.0,bad
1.0,12.0,0.0,5.0,1108.0, 1.0 ,4.0,4.0,3.0,1.0,3.0,1.0,28.0,3.0,2.0,2.0,3.0,2.0,1.0,2.0,0.0,18
2.0,27.0,3.0,1.0,5965.0,1.0,5.0,1.0,3.0,1.0,,3.0,30.0,3.0,2.0,2.0,4.0,2.0,2.0,2.0,1.0,622
2.0,15.0,2.0,5.0,1514.0,2.0,3.0,4.0,3.0,3.0,2.0,1.0,22.0,3.0,2.0,1.0,3.0,2.0,1.0,2.0,1.0,unknown
4.0,30.0,4.0,3.0,6742.0,5.0,4.0, 2.0 ,3.0,1.0,3.0,2.0,36.0,3.0,2.0,2.0,3.0,2.0,1.0,2.0,1.0,971
1.0,18.0,2.0,2.0,3650.0,1.0,2.0,1.0,2.0,1.0,4.0,3.0,22.0,3.0,1.0,1.0,3.0,2.0,1.0,2.0,1.0,995
497.0,21.0,2.0,2.0,3599.0,1.0,4.0,1.0,2.0,1.0, 272.0 , 3.0 ,26.0,3.0,1.0,1.0,2.0,2.0,1.0,2.0,1.0,unknown
4.0,60.0,4.0,0.0,13756.0,5.0,5.0,2.0,3.0,1.0,4.0,4.0,63.0,1.0,3.0, 1.0 ,4.0,2.0,2.0,2.0,1.0,631
2.0,9.0,2.0,0.0,276.0,1.0,3.0,4.0,4.0,1.0,4.0,1.0,22.0,3.0,1.0,1.0,2.0,2.0, 1.0 ,2.0,1.0,bad
4.0,42.0, 4.0 ,2.0,4041.0, 3.0 ,3.0,4.0,3.0,1.0,4.0,1.0,36.0,3.0,2.0,2.0,3.0,2.0,2.0,2.0,1.0,70
2.0,9.0,2.0,3.0,458.0,1.0,3.0,4.0,3.0,1.0,3.0,1.0,24.0,3.0, 2.0 ,1.0,3.0,2.0,1.0,2.0,1.0,bad
2.0,9.0, 2.0 ,2.0,918.0,1.0,3.0,4.0, 2.0 ,1.0,1.0,2.0,30.0,3.0,2.0,1.0,3.0,2.0,1.0,2.0,0.0,463
 4.0 ,416.0,2.0,0.0,7393.0,1.0,3.0,1.0,3.0,1.0,4.0,2.0,43.0,3.0,2.0,1.0,2.0,1.0,1.0,2.0,1.0,317
 3.0 ,10.0,2.0,4.0,1225.0,1.0, 3.0 ,2.0,3.0,1.0,2.0,3.0,37.0,3.0,2.0,1.0,,2.0,2.0,2.0,1.0,unknown
1.0,24.0,2.0,1.0,2812.0,5.0,5.0,2.0,2.0,1.0,4.0,1.0,26.0,3.0, 1.0 ,1.0,3.0,2.0,1.0,2.0,1.0,292
4.0,15.0,2.0,1.0,3029.0,1.0,4.0,2.0,3.0,1.0,2.0,3.0,33.0,3.0, 2.0 ,1.0,3.0,2.0,1.0,2.0,1.0,214
 3.0 ,12.0,4.0,0.0,1480.0,3.0,1.0,2.0,3.0,1.0,4.0,4.0,66.0,1.0,3.0,3.0,1.0,2.0,1.0,2.0,N/A,819
3.0,6.0,4.0,6.0,1047.0,1.0,3.0,2.0,2.0,1.0,4.0,2.0,50.0,3.0,2.0,1.0,2.0,2.0,827.0,2.0,1.0,835
4.0,15.0,4.0, 3.0 , 1471.0 ,1.0,3.0,4.0,3.0,1.0,4.0,4.0,35.0,3.0,3.0,2.0,3.0,2.0,2.0,2.0,1.0,376
4.0,24.0,2.0,2.0,5511.0,2.0,3.0,4.0,3.0,1.0,1.0,3.0, 25.0 ,2.0,2.0,1.0,3.0,2.0,1.0,2.0,1.0,81
2.0,9.0,2.0,3.0,1206.0,1.0,5.0,4.0,2.0,1.0,4.0,,25.0,3.0,2.0,1.0,NULL,2.0,1.0,2.0,1.0,98
 2.0 ,24.0,3.0,3.0,6403.0,1.0,2.0,1.0,3.0,1.0,2.0,3.0,33.0,3.0,2.0,1.0,3.0,2.0,1.0,2.0,1.0,
4.0,12.0,2.0,3.0,707.0,1.0,3.0,4.0,3.0,1.0, 2.0 ,1.0,30.0,1.0, 2.0 ,2.0,3.0,2.0,1.0,2.0,1.0,bad
4.0,12.0,3.0,1.0,1503.0,1.0, 3.0 ,4.0,4.0,1.0,4.0,1.0,41.0,3.0,1.0, 1.0 ,3.0,2.0,1.0,2.0,1.0,unknown
2.0,12.0,2.0,0.0,6078.0, 1.0 ,4.0,2.0,3.0,1.0,2.0,3.0,32.0,3.0,2.0,1.0,3.0,2.0,1.0,2.0, 1.0 ,18
2.0,27.0,2.0,9.0,2528.0,1.0,2.0,4.0,2.0,1.0,1.0,2.0,32.0,3.0,2.0,1.0,3.0,1.0,2.0,2.0,1.0,374
2.0,12.0,2.0,9.0,1037.0,2.0,4.0,3.0,3.0,1.0,4.0,1.0,39.0,3.0,2.0,1.0,793.0,2.0,1.0,2.0,1.0,3
1.0,6.0,2.0,1.0,1352.0,3.0,1.0,1.0,2.0, 1.0 ,2.0,2.0,23.0,3.0,1.0,1.0,1.0,2.0,2.0,2.0,1.0,423
4.0, 24.0 ,2.0,3.0,3181.0,1.0,2.0,4.0,2.0,1.0,4.0,2.0,26.0,3.0,2.0, 1.0 ,3.0,2.0,2.0,2.0,1.0,474
4.0,18.0,2.0,3.0,4594.0,1.0,2.0,3.0,3.0,1.0,2.0,3.0,32.0,3.0,2.0, 1.0 ,3.0,2.0,2.0,2.0,1.0,
2.0,48.0, 2.0 ,10.0,5381.0,5.0,1.0,3.0,3.0,1.0, 4.0 ,4.0,40.0,1.0,3.0,1.0,1.0,2.0,2.0,2.0,1.0,69
4.0,15.0,2.0,1.0,4657.0,1.0,3.0,3.0,3.0,1.0,2.0,3.0,30.0,3.0,2.0, 1.0 ,3.0,2.0,2.0,2.0,1.0,480
2.0,9.0,2.0,9.0,1391.0,1.0,3.0, 2.0 ,4.0,1.0,1.0,1.0,27.0,1.0, 2.0 ,1.0,3.0,2.0,2.0,2.0,1.0,177
2.0,18.0,2.0,9.0,1913.0,4.0,2.0,3.0,4.0,1.0,3.0,1.0,36.0,1.0,2.0,1.0,3.0,2.0,2.0,2.0,1.0,466
4.0,42.0,2.0,3.0,7166.0,5.0,4.0,2.0,4.0,1.0,4.0,2.0,29.0,3.0,1.0,1.0,3.0, 2.0 ,2.0,2.0,1.0,985
4.0,13.0, 2.0 ,3.0, 1409.0 ,2.0,1.0,2.0,2.0,1.0,4.0,1.0,64.0,3.0,2.0,1.0,3.0,2.0,1.0,2.0, 1.0 ,741
4.0,24.0,3.0,9.0,2978.0,5.0,3.0,4.0,3.0,1.0,4.0,1.0,32.0,3.0,2.0,2.0,3.0,1.0, 2.0 ,2.0,1.0,
4.0,12.0,4.0,3.0,976.0,5.0,195.0,4.0,3.0,1.0,4.0,3.0,35.0,3.0,2.0,2.0,3.0,2.0,1.0,2.0, 1.0 ,38
4.0,24.0,3.0,9.0,2375.0,3.0,3.0,4.0,3.0,1.0,2.0,3.0,44.0,3.0,2.0,2.0,3.0,1.0,2.0, 2.0 ,1.0,764
4.0,12.0,4.0,3.0,522.0,3.0,5.0, 4.0 ,3.0,1.0,4.0,2.0,42.0,3.0,2.0,,3.0,1.0,2.0,2.0,1.0,bad
4.0,28.0,4.0,3.0,2743.0,1.0,5.0,4.0,3.0,1.0, 2.0 ,3.0,29.0,3.0,2.0,2.0,3.0,2.0,1.0,2.0,1.0,bad
4.0,11.0,4.0, 3.0 ,1154.0,2.0, 1.0 ,4.0,2.0, 1.0 ,4.0,1.0,57.0,3.0,2.0,3.0,2.0, 2.0 ,,2.0, 1.0 ,
4.0,24.0,4.0,1.0, 5804.0 ,4.0,3.0,4.0,3.0,1.0,2.0,1.0,27.0,3.0,2.0,,3.0,2.0,1.0, 2.0 ,1.0,47
4.0,18.0,4.0,3.0,1169.0,5.0,3.0,4.0,3.0,1.0,3.0,2.0,29.0,3.0, 2.0 ,2.0,3.0,2.0,2.0,2.0,1.0,738
1.0,,4.0,2.0,1478.0,1.0, 5.0 ,4.0,3.0,1.0,4.0,3.0,44.0,3.0,2.0,2.0,3.0,1.0,2.0,2.0,1.0,835
4.0,12.0,2.0,3.0,776.0,1.0,3.0,4.0,4.0,610.0,2.0,1.0,28.0,3.0,2.0,1.0,3.0,2.0,1.0,2.0,1.0,bad
2.0,11.0,4.0,0.0,1322.0,4.0,3.0,4.0,2.0,1.0,4.0,3.0,40.0,3.0,2.0,2.0,3.0,2.0,1.0,2.0,1.0,bad
2.0,16.0,4.0,0.0,1175.0,1.0,1.0,2.0,3.0,1.0,3.0,3.0,68.0,3.0,3.0,3.0,N/A,2.0,2.0,2.0,1.0,422
4.0,12.0,2.0,0.0,2133.0,5.0,5.0,4.0,2.0,1.0,4.0,4.0,52.0,3.0,3.0,?,4.0, 2.0 ,2.0,2.0,1.0,98
4.0,15.0,,3.0,1829.0,1.0,5.0,4.0,3.0,1.0,4.0,3.0, 794.0 , 3.0 ,2.0,2.0,3.0,2.0,2.0,2.0,1.0,128
4.0,12.0,4.0,3.0,20076.0,1.0,5.0,4.0,3.0,1.0,4.0,1.0,52.0,3.0,2.0,3.0,3.0,2.0, 1.0 ,2.0,1.0,300
2.0,39.0,3.0,6.0,11760.0,2.0,4.0,,3.0,1.0,3.0,4.0,32.0,3.0,1.0,1.0,3.0,2.0,2.0,2.0,1.0,109
2.0,9.0, 4.0 ,6.0,1501.0,1.0,5.0,2.0,2.0,1.0,3.0,3.0,34.0,3.0,2.0,2.0,4.0,2.0,2.0,2.0, 0.0 ,501
1.0,12.0,2.0,6.0,1200.0,5.0,3.0,4.0,2.0,1.0,4.0,2.0,23.0,1.0,1.0,1.0,3.0,2.0,2.0,2.0,1.0,55
 2.0 ,9.0,2.0,0.0,3195.0,5.0,3.0,1.0,2.0,1.0,2.0,1.0,33.0, 3.0 ,2.0,1.0,2.0,2.0,1.0,2.0,1.0,13
4.0,30.0,4.0,3.0,4530.0,1.0,4.0,4.0,2.0,1.0,4.0,3.0,26.0,3.0,1.0,1.0,4.0,2.0,2.0,2.0,1.0,629
4.0,12.0,3.0, 5.0 ,1555.0,4.0,5.0,4.0,3.0,1.0,4.0,4.0,55.0,3.0,3.0,2.0,3.0,1.0,1.0,2.0,0.0,252
2.0,15.0,4.0, 9.0 ,2326.0,3.0,3.0,2.0,3.0,1.0,4.0,3.0,27.0,1.0,2.0,1.0,3.0,2.0,1.0,2.0,1.0,378
2.0,18.0,4.0,9.0,1887.0,5.0,3.0, 4.0 ,4.0,1.0,4.0,1.0,28.0,1.0,2.0,2.0,3.0,2.0,1.0,2.0,1.0,335
4.0,12.0,4.0,9.0,1264.0,5.0,5.0, 4.0 ,3.0,1.0,4.0,4.0,57.0,3.0, 1.0 ,1.0,118.0,2.0,1.0,2.0,1.0,469
4.0,7.0,3.0,3.0,846.0,5.0,5.0,3.0,3.0,1.0,4.0,4.0,36.0,3.0,3.0,1.0,3.0,2.0,1.0,2.0,1.0,463
4.0,15.0,4.0,6.0,1532.0,2.0,3.0,4.0, 2.0 ,1.0,3.0,3.0,31.0,3.0,2.0,1.0,3.0,2.0,1.0,2.0,1.0,bad
 4.0 , 6.0 ,3.0,655.0,935.0,1.0,3.0,3.0,2.0,1.0,2.0,1.0,24.0,3.0, 2.0 ,1.0,3.0,2.0,1.0,2.0,1.0,1
1.0, 27.0 ,4.0,9.0,2442.0,1.0,5.0,4.0,3.0,1.0,4.0,3.0,43.0,2.0,2.0,4.0,4.0,1.0,2.0,2.0,1.0,443
2.0,18.0,4.0,9.0,3590.0,1.0,1.0,3.0,4.0,1.0,3.0,3.0,40.0,3.0,2.0,3.0,1.0,1.0,2.0,2.0,1.0,565
4.0,21.0,4.0,2.0,2288.0,1.0,2.0,4.0,86.0,1.0,4.0,2.0, 23.0 ,3.0,2.0,1.0,3.0,2.0,2.0,,1.0,768
4.0, 27.0 ,3.0,9.0,5117.0,1.0, 4.0 ,3.0,3.0,1.0,4.0,3.0,26.0,3.0,2.0,2.0,3.0,2.0,1.0,2.0,1.0,197
1.0,39.0,4.0,120.0,14179.0,5.0,4.0,4.0,3.0,1.0,4.0,2.0,30.0,3.0,2.0,2.0,4.0,80.0, 2.0 ,2.0,1.0,
,15.0,2.0, 3.0 ,1386.0,5.0, 3.0 ,4.0,4.0,1.0,2.0,,40.0,3.0,1.0,1.0,3.0,2.0,2.0,2.0,1.0,597
4.0,12.0,4.0,3.0, 618.0 ,1.0,5.0,4.0,3.0,1.0,4.0,1.0,56.0,3.0,2.0,1.0, 3.0 ,2.0,1.0,2.0,1.0,902
4.0,12.0,2.0,2.0,1574.0,1.0,3.0,4.0,3.0,,,1.0,50.0, 3.0 ,2.0,1.0, 3.0 ,2.0,1.0,2.0,1.0,
4.0,6.0,4.0,3.0,700.0,5.0,5.0,4.0,3.0,1.0,4.0,4.0,36.0,3.0,3.0,2.0,3.0, 2.0 ,1.0, 2.0 ,1.0,85
4.0, 12.0 ,2.0,3.0,886.0,5.0,3.0,4.0,2.0, 1.0 ,2.0,3.0,21.0,3.0,2.0,1.0,3.0,2.0,1.0,2.0,1.0,402
4.0,36.0,2.0,1.0,4686.0,1.0,3.0,2.0,3.0,,2.0,4.0,32.0,3.0, 3.0 ,1.0,4.0,2.0,2.0,2.0,1.0,560
2.0,9.0,2.0,3.0,790.0, 3.0 ,3.0,4.0,2.0,1.0,3.0,1.0,66.0,3.0,2.0,1.0,2.0,2.0,1.0,2.0,1.0,623
2.0,12.0,2.0,3.0,766.0,3.0,3.0,4.0,3.0,1.0,3.0,1.0,66.0,3.0,2.0,1.0,2.0,2.0,1.0,2.0, 0.0 ,unknown
1.0,20.0,2.0,2.0,2212.0,5.0,4.0,4.0,3.0,1.0,4.0,3.0,39.0,3.0,2.0,1.0,3.0,2.0,2.0,2.0,1.0,bad
2.0,10.0,2.0,0.0,7308.0,1.0,1.0,2.0,3.0,1.0,4.0,4.0, 70.0 ,1.0,3.0,1.0,4.0,2.0,2.0,2.0,1.0,343
2.0,24.0,4.0,6.0,5743.0,1.0, 2.0 ,2.0,2.0,1.0,4.0,4.0,24.0,3.0,3.0,2.0,3.0,2.0,2.0,2.0,1.0,30
1.0,14.0,2.0, 0.0 ,3973.0,1.0,1.0,1.0,3.0,1.0,4.0,4.0,22.0,3.0,3.0,1.0,,2.0,1.0,2.0,1.0,922
 2.0 ,60.0,3.0,3.0,7418.0,5.0,,1.0,3.0,1.0,1.0,1.0,27.0,3.0,2.0,1.0,2.0,,1.0,2.0,1.0,535
2.0,20.0,3.0,10.0,2629.0,1.0,3.0,2.0,3.0,1.0,3.0,3.0,29.0,1.0,2.0,2.0,3.0,2.0,2.0,2.0,1.0,305
2.0,18.0,2.0,9.0,1941.0,4.0,3.0,4.0,3.0,1.0,2.0,2.0,35.0,3.0,2.0,1.0, 2.0 ,2.0,2.0,2.0,1.0,
2.0,24.0,3.0,2.0,2333.0,5.0,2.0,4.0,3.0,1.0,2.0,2.0, 29.0 ,1.0,2.0,1.0,,2.0,1.0,2.0,1.0,797
 4.0 ,12.0,2.0,1.0,2445.0,5.0,2.0,2.0,4.0,1.0,4.0,3.0,26.0,3.0,1.0,1.0,3.0,2.0,2.0,2.0,1.0,206
2.0,20.0,2.0,1.0,6468.0,5.0,1.0,1.0,1.0,1.0,4.0,1.0,60.0,3.0,2.0,1.0,4.0,2.0,2.0,2.0,1.0,bad
2.0,18.0,4.0,2.0,7374.0,1.0,1.0,4.0,3.0,1.0,4.0,2.0,40.0,2.0,2.0,2.0,4.0,2.0,2.0,2.0,1.0,bad
4.0,15.0,2.0,1.0,3812.0, 2.0 ,2.0,1.0,2.0,1.0,4.0,3.0,591.0,3.0,2.0,1.0,3.0,2.0,2.0,2.0,1.0,262
 1.0 ,28.0,2.0, 0.0 ,4006.0,error,3.0,3.0,3.0,1.0,2.0,3.0,45.0,3.0,2.0,1.0,2.0,2.0,1.0,2.0,0.0,447
2.0,12.0,,0.0,7472.0,5.0,1.0,1.0,2.0,1.0,2.0,1.0,24.0,3.0,1.0,1.0,1.0,2.0, 1.0 ,2.0,37.0,
3.0,12.0,2.0,2.0,1424.0,5.0,5.0, 3.0 ,2.0,1.0,4.0,1.0,55.0,3.0,2.0,1.0,4.0,2.0,2.0,2.0,1.0,849
2.0,12.0,2.0,1.0,2028.0,5.0,,4.0,3.0,1.0,2.0,3.0,N/A,3.0,2.0,1.0,3.0,2.0,1.0,2.0,1.0,268
4.0,15.0,2.0,0.0,5324.0,3.0,5.0,1.0,2.0,1.0,4.0,4.0,35.0,3.0,3.0,1.0,3.0,2.0,1.0,2.0,1.0,438
,36.0,2.0,3.0,2323.0,1.0,4.0,4.0,3.0,1.0,4.0,3.0,24.0,3.0,1.0,1.0,3.0,2.0,1.0,2.0,1.0,bad
4.0,12.0,2.0,6.0,1393.0, 1.0 ,5.0,4.0, 3.0 ,1.0,4.0,2.0,47.0,1.0,2.0,3.0,3.0, 1.0 ,2.0,2.0,341.0,943
4.0,18.0,2.0,2.0,1984.0,1.0,3.0,4.0,3.0,1.0,4.0,4.0, 47.0 ,1.0,3.0,2.0,3.0,2.0,1.0,2.0,1.0,302
4.0,24.0,2.0,,999.0,5.0,5.0,4.0,3.0,1.0,2.0,3.0,25.0,3.0, 2.0 ,2.0,3.0,2.0,1.0,2.0,1.0,652
4.0,58140.0, 2.0 , NAN ,7409.0,5.0,5.0,3.0,3.0,1.0,,2.0,37.0,3.0,2.0,2.0,3.0,2.0,1.0,2.0,1.0,
4.0,15.0,2.0,2.0,2186.0,5.0, 4.0 ,1.0,2.0,1.0,4.0,1.0,33.0,1.0,1.0,1.0,2.0,2.0,1.0,2.0,1.0,561
3.0,36.0,2.0,3.0, 4473.0 ,1.0,5.0,4.0,3.0,1.0,2.0,3.0,31.0,3.0,2.0,1.0,3.0,2.0,1.0,2.0,1.0,560
4.0,24.0,2.0,8.0, 937.0 ,1.0,2.0, 4.0 ,4.0,1.0,3.0,3.0,27.0,3.0,2.0,2.0, 2.0 , 2.0 ,1.0,2.0,1.0,291
4.0,18.0, 2.0 ,2.0,3422.0,1.0,5.0,,3.0,1.0,4.0,2.0,4606.0,1.0, 2.0 ,3.0,3.0,1.0,2.0,2.0,1.0,432
4.0,24.0,2.0,3.0,3105.0,5.0,2.0,4.0,3.0,1.0,2.0,3.0,25.0,3.0,2.0,2.0,3.0,2.0,1.0,2.0,1.0,bad
4.0,12.0,4.0,6.0,2748.0,1.0,5.0,2.0,2.0,1.0,,4.0,57.0, 1.0 ,3.0,3.0,2.0,2.0,1.0,2.0,1.0,217
2.0,18.0,2.0,5.0,3872.0, 1.0 ,1.0,2.0,2.0,1.0,4.0,3.0,67.0,3.0,2.0,1.0,3.0,2.0,2.0,2.0,1.0,
4.0,27.0,2.0,5.0,5190.0,5.0,,4.0,3.0,1.0,4.0,2.0,,3.0,2.0,4.0,3.0,1.0,2.0,2.0,1.0,178
2.0,18.0,2.0,2.0,3001.0, 1.0 ,4.0,2.0,2.0,1.0,4.0,1.0,40.0,3.0,1.0,1.0,3.0,2.0,1.0,2.0,1.0,416
4.0,24.0,3.0,9.0,3863.0,1.0,3.0,1.0,3.0,1.0,2.0,4.0,32.0,3.0,3.0,1.0,3.0,2.0,1.0,2.0,1.0,213
4.0,12.0,4.0,2.0,5801.0,5.0,5.0,2.0,3.0,1.0, 4.0 ,2.0,49.0,3.0,1.0,1.0,3.0,2.0, 2.0 ,1.0,1.0,284
4.0,12.0,4.0,2.0,1592.0,4.0,4.0,3.0,2.0,1.0,2.0,2.0,35.0,3.0,2.0,1.0,3.0,2.0,1.0,110.0,1.0,
4.0,12.0,4.0,9.0,1185.0,1.0,3.0,3.0,2.0,,2.0,1.0,27.0,error,2.0,2.0,3.0,2.0,1.0,2.0,1.0,unknown
4.0,18.0, 4.0 ,2.0,3780.0,1.0,2.0,3.0,1.0,1.0,2.0,3.0,35.0,3.0,2.0,2.0,4.0,2.0,2.0,2.0,1.0,943
2.0,18.0, 4.0 , 2.0 ,3612.0,1.0, 5.0 ,3.0,2.0,1.0,4.0,2.0,37.0,3.0,2.0,1.0,66.0, 2.0 ,2.0,1.0,1.0,763
4.0,12.0,2.0,9.0,1076.0,1.0,3.0,2.0,4.0,1.0,2.0,1.0,26.0,3.0,2.0,1.0,3.0,2.0, 2.0 ,2.0,1.0,bad
4.0,12.0,2.0,0.0,3527.0,5.0,2.0,2.0,3.0,1.0,3.0,2.0,45.0,3.0,2.0,1.0,4.0,1.0,2.0,2.0,1.0,928
4.0,882.0,2.0,3.0,2051.0,1.0,2.0,4.0,3.0,1.0,1.0, 1.0 ,33.0,3.0,2.0,1.0,3.0,2.0,1.0,2.0,1.0,bad
4.0,12.0,4.0,2.0,3331.0,1.0,5.0,2.0,3.0,1.0,4.0,2.0,42.0,2.0, 2.0 ,1.0,3.0,2.0,1.0,2.0,1.0,222
1.0,18.0, 0.0 ,9.0, 3104.0 ,1.0,4.0,3.0,3.0,1.0,1.0,2.0,31.0,1.0,2.0,1.0,3.0,2.0,2.0,2.0,1.0,171
4.0,24.0,4.0,3.0,2611.0,1.0,5.0,4.0,4.0,2.0,3.0,1.0,46.0,3.0,2.0,2.0,3.0,2.0,1.0,2.0,1.0,884
1.0,12.0,4.0,1.0,1409.0,1.0,5.0,4.0,3.0,1.0,3.0,1.0,54.0,3.0,2.0,1.0,3.0,2.0,1.0,2.0, 1.0 ,890
4.0,24.0,2.0,3.0,1311.0,2.0,4.0,4.0,4.0,1.0,3.0,2.0,26.0,3.0,2.0,1.0,3.0, 2.0 ,2.0,2.0,1.0,
4.0,6.0, 2.0 ,3.0,2108.0, 1.0 ,4.0,2.0,4.0,1.0,2.0,1.0,29.0,3.0,1.0,1.0,3.0,2.0,1.0,2.0,1.0,460
4.0,24.0,4.0,1.0,4042.0,5.0,4.0,3.0,3.0,1.0,4.0,2.0,43.0,3.0,2.0,2.0,3.0,2.0,2.0,2.0,1.0,862
4.0,12.0,4.0,0.0,926.0,1.0,1.0,1.0,2.0,1.0,2.0,2.0,38.0,3.0,2.0,1.0,1.0,2.0,1.0,2.0,1.0,768
1.0,12.0,2.0,3.0,1680.0,3.0,5.0,3.0,4.0,1.0,1.0,1.0,35.0,3.0,2.0,1.0,3.0,803.0,1.0,2.0,1.0,740
4.0, 24.0 ,2.0,0.0,1249.0,1.0,2.0,4.0,4.0,1.0,2.0,1.0,28.0,3.0,2.0,1.0,3.0,2.0,1.0,2.0,1.0,unknown
4.0,24.0,4.0,0.0,2463.0, 2.0 ,4.0,4.0,4.0,1.0,3.0,2.0,27.0,3.0,2.0,2.0,3.0,2.0,2.0,2.0, 1.0 ,267
4.0,6.0,2.0,3.0,1595.0,1.0,4.0,3.0,724.0,1.0,,2.0,51.0,3.0,2.0,1.0,3.0,1.0,1.0, 2.0 ,1.0,bad
4.0,24.0,4.0,5.0,N/A,1.0, 3.0 ,4.0,1.0,1.0,2.0,1.0,33.0,3.0, 2.0 ,2.0,3.0,2.0,2.0,2.0,,877
4.0,24.0,2.0,1.0,7814.0,1.0,4.0,3.0,3.0,1.0,3.0,3.0,38.0,3.0,2.0,1.0,4.0,2.0,2.0,2.0, NAN ,884
4.0,6.0,4.0,3.0,1740.0,,5.0,2.0,4.0,1.0,2.0,1.0,30.0,3.0,1.0,2.0,3.0,2.0,1.0,2.0,1.0,599
 4.0 ,12.0,4.0,3.0,1240.0,5.0,5.0,4.0,2.0,1.0,2.0,1.0,38.0,3.0,2.0,2.0,3.0,2.0,2.0,2.0,1.0,39
,24.0,4.0,1.0,6842.0,5.0,3.0,2.0,3.0,1.0,4.0,2.0,,3.0,2.0,2.0,4.0,1.0,2.0,2.0,1.0,740
4.0,24.0,4.0,2.0,5150.0,1.0,5.0,4.0,3.0,1.0,4.0,3.0,33.0,3.0,2.0,1.0,3.0,2.0,2.0,2.0,1.0,253
1.0,6.0,2.0,0.0,1203.0,2.0,5.0,3.0,3.0,1.0,2.0,2.0,43.0,3.0,2.0,1.0,3.0,2.0,2.0,2.0,1.0,205
4.0,6.0,4.0,0.0,2080.0,3.0,3.0, 1.0 ,4.0,1.0,2.0,3.0,24.0,3.0,2.0,1.0,3.0,2.0,1.0,2.0,1.0,78
4.0,6.0,2.0,6.0,1538.0,1.0,2.0,1.0,2.0,1.0,2.0,4.0,,3.0,2.0,1.0,3.0,2.0,1.0,2.0,1.0,bad
2.0,24.0,4.0,0.0,3878.0,2.0,2.0,4.0,1.0,1.0,2.0,3.0,37.0,3.0,2.0,1.0,3.0, 2.0 ,2.0,2.0,1.0,bad
2.0,570.0,2.0,2.0,3832.0,1.0,2.0,2.0,4.0,1.0,1.0,2.0,22.0,3.0,2.0,1.0, 3.0 ,2.0,1.0,2.0,1.0,276
4.0,15.0,2.0, 0.0 ,3186.0,4.0,4.0,80.0,2.0,1.0,3.0,3.0,20.0,3.0,1.0,1.0,3.0,2.0,1.0,2.0,1.0,unknown
 2.0 ,24.0,,3.0,2896.0,2.0,2.0,2.0,,1.0,1.0,3.0,29.0,3.0, 2.0 ,1.0,3.0,2.0,1.0,984.0,1.0,bad
2.0,24.0,3.0,9.0,6967.0,2.0,4.0,4.0,3.0,1.0,4.0,3.0, 36.0 ,3.0,1.0,1.0,4.0,2.0,2.0,2.0,1.0,bad
4.0,36.0,2.0,6.0,1819.0,1.0,3.0, 4.0 ,3.0,1.0,4.0,NULL,37.0, 2.0 ,3.0,1.0,3.0,2.0,2.0,2.0,0.0,416
4.0,24.0,2.0,3.0,5943.0,5.0,2.0,1.0,2.0,1.0,1.0,3.0,44.0,3.0,2.0,2.0,3.0,2.0,2.0,2.0,0.0,452
4.0,36.0,4.0,2.0,7127.0,1.0,2.0,2.0,2.0,1.0,4.0,2.0,23.0, 3.0 ,1.0,2.0,3.0,2.0,2.0,2.0,0.0,887
4.0,36.0,2.0,2.0,3349.0, 1.0 , 3.0 ,4.0,2.0,1.0,2.0,3.0,28.0,3.0,2.0,1.0,4.0,2.0,2.0,2.0, 0.0 ,bad
4.0,36.0,2.0,2.0,10974.0,1.0,1.0,4.0,2.0,1.0,2.0,3.0,26.0,3.0,2.0,2.0,4.0, 2.0 ,2.0,2.0,0.0,13
4.0,6.0,2.0,3.0,518.0,1.0,3.0,3.0,2.0,1.0,1.0,1.0,29.0,3.0,2.0,1.0,3.0,2.0,1.0,2.0,1.0,800
4.0,18.0,2.0,3.0,1126.0,5.0,2.0,4.0,2.0,1.0,2.0,1.0,21.0,3.0,1.0,1.0,3.0,2.0,2.0,2.0,1.0,
2.0,12.0,4.0,1.0,1860.0,1.0,1.0,4.0,3.0,1.0,2.0,3.0, 34.0 ,372.0,2.0,2.0,4.0,2.0,2.0,2.0,1.0,
4.0,NULL, 4.0 ,3.0,9566.0,1.0,3.0, 2.0 ,2.0,1.0,2.0,3.0,31.0,2.0,2.0,2.0,3.0,2.0,1.0,2.0,1.0,325
1.0,12.0,2.0,3.0,701.0,1.0,3.0,4.0,4.0,1.0,2.0,1.0,40.0,3.0,2.0,1.0,2.0,2.0,1.0,895.0,1.0,
2.0,12.0,2.0,3.0,2930.0,1.0,4.0,2.0,2.0,1.0,1.0,1.0,27.0,3.0,2.0,1.0,3.0,2.0,1.0,2.0,1.0,
4.0,18.0,2.0,3.0,1505.0,1.0, 3.0 ,4.0,3.0,1.0,2.0,4.0,32.0,3.0,3.0,1.0,4.0,2.0,2.0,2.0,1.0,164
4.0,18.0,4.0,3.0,2238.0,1.0,3.0,2.0,2.0,1.0,1.0,3.0,25.0, 3.0 ,2.0,2.0,3.0,2.0,1.0,2.0,1.0,
4.0,4.0,4.0,3.0,1503.0,1.0,4.0,2.0, 3.0 ,1.0,1.0,1.0,42.0,3.0,2.0,2.0,2.0,1.0,1.0,2.0,1.0,418
4.0,24.0,4.0,1.0,2197.0,5.0, 4.0 ,4.0,3.0,1.0,4.0,3.0,43.0,3.0,2.0,2.0,3.0,1.0,2.0,2.0,1.0,717
3.0,12.0,2.0,3.0,1881.0,1.0, 3.0 ,2.0,2.0,1.0,2.0,3.0,44.0, 3.0 ,1.0,1.0,2.0,2.0,2.0,2.0,1.0,
1.0,18.0,4.0,3.0, 1880.0 ,1.0,4.0,4.0,4.0,1.0,64.0,2.0,32.0,3.0,2.0,2.0,4.0,2.0,2.0,2.0,1.0,993
1.0,18.0,2.0,3.0,2389.0,1.0,2.0,4.0,2.0,973.0,1.0,3.0,27.0,2.0,2.0,1.0,3.0,2.0,1.0,2.0,1.0,677
2.0,24.0,2.0,3.0,1967.0,1.0,5.0,4.0,2.0,1.0,4.0,3.0,20.0,3.0,2.0,1.0,3.0,2.0,2.0,2.0,1.0,bad
4.0,4.0, 4.0 ,0.0,3380.0,1.0,4.0,1.0,2.0,1.0,1.0, 1.0 ,37.0,3.0,2.0,1.0,3.0,1.0,1.0,2.0,1.0,88
4.0,4.0,4.0,0.0,1455.0,1.0,4.0,2.0,3.0,1.0,1.0,1.0,42.0,3.0,2.0, 3.0 ,2.0,1.0,1.0,2.0,1.0,265
4.0,7.0,4.0,3.0,730.0,5.0,5.0,4.0,3.0,1.0,2.0,2.0,46.0,3.0,1.0,2.0,2.0,2.0,2.0,2.0,1.0,983
2.0,18.0,0.0,2.0,3244.0,1.0,3.0,1.0,2.0,1.0,4.0,3.0,33.0,1.0,2.0,2.0,3.0,2.0,2.0,2.0,1.0,768
2.0,9.0,2.0,3.0,1670.0,1.0,2.0,4.0,2.0,1.0,2.0,3.0,22.0,3.0,2.0,1.0,3.0,2.0,2.0,2.0,0.0,741
2.0,48.0,112.0,3.0,3979.0,5.0,4.0,4.0,3.0,1.0,1.0,3.0,690.0,3.0,2.0,2.0,3.0, 1.0 ,2.0,2.0,1.0,272
2.0,12.0,2.0,2.0,1922.0,1.0,3.0,4.0,3.0,1.0,2.0,2.0,37.0,3.0,2.0,1.0,2.0,2.0,1.0,2.0,0.0,bad
64.0,18.0,4.0,2.0,1295.0,?,2.0,4.0,2.0,1.0,1.0,2.0,27.0,3.0,2.0,2.0,3.0,2.0,1.0,2.0,1.0,703
4.0,4.0,4.0,3.0,1544.0,1.0,4.0,2.0,3.0,1.0,1.0,1.0,42.0,3.0,2.0,3.0,2.0,1.0,1.0,2.0,1.0,946
2.0,8.0,2.0,9.0,907.0,1.0,2.0,3.0,4.0,1.0,2.0,1.0,26.0,3.0,2.0,1.0, 3.0 ,2.0,2.0,2.0,1.0,583
2.0,30.0,2.0,3.0,1715.0,5.0,3.0,4.0,2.0,N/A,1.0,3.0,26.0,3.0,2.0,1.0,3.0,2.0,1.0,160.0,86.0,21
3.0,10.0,4.0,3.0,1347.0,5.0,4.0,4.0,3.0,1.0,2.0,2.0,27.0,3.0,2.0,2.0,3.0,76.0,2.0,2.0,1.0,854
2.0,12.0,2.0,0.0,1007.0,4.0,3.0,4.0,4.0,1.0, 1.0 ,1.0,22.0,3.0,2.0,1.0,3.0,2.0,1.0,2.0,1.0,933
4.0,12.0,4.0,2.0,1402.0,3.0,4.0,3.0, 2.0 ,1.0,4.0,3.0,37.0,3.0,1.0,1.0,3.0,2.0,2.0,2.0,1.0,33
2.0,12.0,2.0,0.0,2002.0,1.0,4.0,3.0,3.0,1.0,4.0,2.0,30.0,3.0,1.0,1.0,3.0,1.0,2.0, 2.0 ,1.0,392
4.0,792.0,4.0,6.0,2096.0,1.0,4.0,2.0,3.0,1.0,3.0,1.0,49.0,3.0,2.0,1.0,2.0,1.0,1.0,2.0,1.0,979
4.0,12.0,2.0,0.0,1101.0,1.0,3.0,3.0,4.0,1.0,2.0,1.0,27.0,3.0,2.0,2.0, 3.0 ,2.0,2.0,2.0,1.0,953
4.0,10.0,2.0,8.0,894.0,5.0,4.0,4.0,2.0,1.0,3.0,2.0,40.0,3.0,2.0, 1.0 ,3.0,2.0,2.0,2.0,1.0,964
2.0, 11.0 ,2.0, 2.0 ,1577.0,4.0,2.0,4.0,2.0,1.0,1.0,1.0,20.0,3.0,2.0,1.0,3.0,2.0,1.0,2.0,1.0,975
4.0,33.0,3.0, 9.0 ,2764.0,1.0,3.0,2.0,2.0,1.0,2.0,3.0,26.0,3.0,2.0,2.0,3.0,2.0,2.0,2.0,1.0,22
2.0,48.0,0.0,0.0,8358.0,3.0,2.0,1.0,2.0,1.0,1.0,3.0,30.0,3.0,2.0, 2.0 ,3.0,2.0,1.0,2.0,1.0,151
3.0,12.0,,2.0,1474.0,1.0,,4.0,2.0,1.0,1.0,2.0,33.0,1.0,2.0,1.0,4.0,2.0,2.0,2.0,1.0,bad
4.0,24.0,2.0,1.0,5433.0,5.0,1.0,2.0,2.0,1.0,4.0,2.0,26.0,3.0,1.0,1.0,4.0,2.0,2.0,2.0,1.0,603
2.0,14.0,2.0,9.0,1410.0,3.0,5.0, 1.0 ,4.0,1.0,2.0,1.0,35.0,3.0,2.0,1.0,?,2.0,2.0,2.0,1.0,401
4.0,20.0,4.0,0.0,3485.0, 5.0 ,2.0,2.0,1.0,1.0,4.0,1.0,44.0,3.0, 2.0 ,2.0,3.0,2.0,2.0,2.0,1.0,268
4.0,18.0,4.0,1.0,3850.0,1.0,4.0,3.0,3.0, 1.0 ,1.0,3.0,27.0,3.0,2.0, 2.0 ,3.0,2.0,1.0, 2.0 ,1.0,254
2.0,60.0,2.0,0.0,7408.0,2.0,2.0,4.0,2.0,1.0,2.0,2.0, 24.0 ,3.0,2.0,1.0,4.0,2.0,1.0,2.0,0.0,603
3.0,24.0,2.0,3.0,1377.0,2.0,5.0,4.0,2.0,1.0,2.0,4.0,47.0,3.0,3.0,1.0,3.0,2.0,2.0,2.0,1.0,977
4.0,30.0, 3.0 ,9.0,4272.0,,3.0,2.0,3.0,14.0,2.0,2.0,26.0,3.0,2.0,2.0,2.0,2.0,invalid,2.0,1.0,826
2.0,24.0, 3.0 ,3.0, 1553.0 ,2.0,4.0,3.0,2.0,1.0,2.0,2.0,23.0,3.0, 1.0 ,2.0,3.0,2.0,2.0,2.0,1.0,174
2.0,36.0,3.0, 9.0 ,,2.0,4.0, 1.0 ,3.0,1.0,3.0,2.0,31.0,3.0,2.0,2.0,2.0,1.0,2.0,2.0,1.0,148
4.0,6.0,4.0,0.0,362.0,2.0,3.0,4.0,2.0,1.0,4.0,3.0,52.0,3.0,2.0,2.0,2.0,2.0,1.0,2.0, 1.0 ,
4.0,12.0,4.0,2.0,1935.0,1.0,5.0,4.0,3.0,1.0,4.0,invalid,43.0,,2.0,3.0,3.0,2.0,2.0,2.0,1.0,
4.0,48.0,2.0,3.0,10222.0,5.0,4.0,4.0,3.0,1.0,3.0,3.0,37.0,2.0,2.0,1.0,3.0,2.0,2.0,2.0,1.0,8
3.0,12.0,2.0,0.0,1330.0,1.0,2.0,4.0,3.0,1.0,1.0,1.0,26.0,3.0,2.0,1.0,3.0,2.0,1.0,,1.0,bad
4.0,36.0,2.0,6.0,9055.0,5.0,3.0,2.0, 3.0 ,1.0,4.0,4.0,35.0,3.0,3.0,1.0,2.0,1.0,2.0,2.0,1.0,580
2.0,26.0,2.0, 1.0 ,7966.0,1.0,2.0,2.0,3.0,1.0,3.0,3.0,30.0, 3.0 ,2.0,2.0,3.0,2.0,1.0,2.0,1.0,659
2.0,30.0,1.0,2.0,3496.0,4.0,3.0, 4.0 ,3.0,1.0,2.0,3.0,34.0,2.0,2.0,1.0,3.0,1.0,2.0,2.0,1.0,860
2.0,36.0,2.0,1.0,6948.0, 1.0 ,3.0,2.0,3.0,1.0,2.0,3.0,35.0,3.0, 1.0 ,1.0,4.0,2.0,2.0,2.0,1.0,bad
2.0,48.0,0.0,9.0,12204.0,5.0,3.0,2.0,3.0,1.0,2.0,3.0,48.0,1.0,2.0,1.0,4.0,2.0,2.0,2.0,,621
1.0,36.0,2.0,2.0,3446.0,1.0,5.0,4.0,3.0,1.0,2.0, 3.0 ,42.0,3.0,2.0,1.0,3.0,1.0,1.0,,,bad
1.0,12.0,2.0,6.0,684.0,1.0,3.0,4.0,3.0,1.0,4.0,3.0,40.0,3.0,1.0,1.0,2.0,1.0,1.0, 2.0 ,0.0,651
1.0,33.0,4.0,2.0,4281.0,3.0,3.0,1.0,2.0,1.0,4.0,3.0,23.0,3.0,2.0,2.0,3.0,2.0,1.0,2.0,0.0,380
1.0,42.0,2.0,3.0,7174.0,5.0,4.0,4.0,2.0,1.0,3.0,3.0,30.0,3.0, 2.0 ,1.0,4.0,2.0,2.0,2.0,0.0,66
1.0,24.0,1.0,error,1546.0,1.0,4.0,4.0,3.0,3.0,4.0,,24.0,1.0,1.0,1.0,2.0,2.0,1.0,2.0,0.0,25
1.0,24.0,2.0, 2.0 ,2359.0,2.0,1.0,1.0,1.0,1.0,1.0,2.0,33.0,3.0,2.0, 1.0 ,3.0,2.0,1.0,2.0,0.0,
4.0,24.0,531.0,3.0,3621.0,2.0, 5.0 ,2.0,3.0,1.0,4.0,3.0,31.0,3.0,2.0,2.0,3.0,2.0,1.0,2.0,0.0,637
1.0,12.0,2.0,4.0,741.0, 2.0 ,1.0,4.0,2.0,1.0,3.0,2.0,22.0,3.0,2.0,1.0,3.0,2.0,1.0,2.0, 0.0 ,409
1.0,12.0,error,2.0,7865.0,1.0,5.0,4.0,3.0,1.0,4.0,4.0,53.0,3.0,3.0,1.0,4.0,2.0,2.0,2.0,0.0,746
1.0,24.0,2.0,1.0,2910.0,1.0,4.0,2.0,3.0,1.0,1.0,4.0,34.0,3.0,3.0,1.0,4.0,2.0,2.0,2.0,1.0,bad
1.0,18.0,4.0,0.0,5302.0,1.0,5.0,2.0,3.0,1.0,4.0,4.0,36.0,,3.0,3.0,4.0,2.0,2.0, 2.0 ,1.0,254
1.0, 36.0 ,2.0,2.0, 3620.0 ,1.0,3.0,1.0,3.0,3.0,2.0,2.0,37.0,3.0,2.0,1.0,3.0,1.0,1.0,2.0,1.0,585
1.0,18.0,2.0,3.0,3509.0,1.0,141.0,4.0,2.0,3.0,1.0,1.0,25.0,3.0,2.0,1.0,3.0,2.0,1.0,2.0,1.0,377
2.0,12.0,2.0,2.0,3017.0,1.0, 2.0 ,3.0,2.0,1.0,1.0,1.0,34.0,3.0,1.0,1.0,4.0,2.0,?,2.0,1.0,975
444.0,12.0,2.0,2.0,1657.0,1.0,,2.0,3.0,1.0,2.0,1.0,27.0,3.0, 2.0 ,1.0, 3.0 ,2.0,1.0,2.0,1.0,721
1.0,8.0,4.0,10.0,1164.0,1.0,5.0,3.0,3.0,1.0,4.0,4.0,51.0,1.0,3.0,2.0,4.0,1.0,2.0,2.0,1.0,748
1.0, 36.0 ,216.0,2.0,6229.0,1.0,2.0,4.0,2.0,2.0,4.0,4.0,23.0,3.0, 1.0 ,2.0,2.0,2.0,2.0,2.0,0.0,687
1.0,24.0,1.0,0.0,1193.0,1.0,1.0,1.0,2.0,2.0,4.0,4.0,29.0, 3.0 ,1.0,2.0,1.0,2.0,1.0, 2.0 ,0.0,683
1.0,30.0,0.0,2.0,4583.0,1.0, 3.0 ,2.0,1.0,3.0,2.0,1.0,32.0,3.0,2.0,2.0,3.0,2.0,1.0,2.0,1.0,773
1.0,36.0,4.0,2.0,5371.0,1.0,3.0,3.0, 3.0 ,3.0,2.0,,28.0,3.0,2.0,2.0,3.0,2.0,1.0,2.0,1.0,431
1.0,12.0,2.0,2.0,708.0, 1.0 ,3.0,2.0,3.0,3.0,3.0,2.0,38.0,3.0,2.0,1.0,2.0,1.0, n/a ,2.0,1.0,821
1.0,21.0,4.0,0.0,571.0,1.0,5.0,4.0,3.0,1.0,4.0,1.0,65.0,3.0,2.0,2.0,3.0,2.0,1.0,2.0,1.0,34
1.0,30.0,2.0,3.0,2522.0, 1.0 ,5.0,1.0,3.0,3.0, 3.0 ,2.0,39.0,3.0,2.0, 1.0 ,3.0,1.0,1.0,2.0,1.0,666
1.0,36.0,2.0,2.0,5179.0,1.0,4.0,4.0, 3.0 ,1.0,2.0,2.0,29.0,3.0,2.0,1.0,3.0,2.0,1.0,2.0, 0.0 ,538
1.0,36.0,2.0,1.0,8229.0,1.0,3.0,2.0,3.0,1.0,2.0,2.0,26.0,3.0,2.0,1.0,3.0,1.0,1.0,2.0,0.0,8
4.0,?,4.0,2.0,2028.0,1.0,4.0,2.0,3.0,1.0,2.0,2.0,30.0,3.0, 2.0 , 2.0 ,2.0,2.0,1.0,2.0,1.0,660
1.0,6.0,2.0,0.0,1374.0,5.0,1.0,4.0,2.0,1.0,3.0,30.0,75.0,3.0,2.0,1.0,4.0,2.0,2.0,2.0,1.0,2
1.0,12.0,2.0,2.0,1289.0,1.0,3.0,4.0,3.0,3.0,1.0,2.0,21.0,3.0,2.0,1.0,2.0,2.0,1.0,2.0,1.0,unknown
1.0,36.0,2.0,2.0, 2712.0 ,1.0,5.0,2.0,3.0,1.0,2.0,2.0,41.0,1.0,2.0,1.0,3.0,1.0,1.0, 2.0 ,0.0,unknown
1.0,15.0,4.0,2.0,975.0,1.0,3.0,2.0,1.0,1.0,3.0,2.0,25.0,error,2.0,2.0,3.0, 2.0 ,1.0,2.0,1.0,
2.0,6.0,3.0,2.0,1050.0,1.0,1.0,4.0,3.0,1.0,1.0,2.0,35.0,2.0,2.0,2.0,432.0,2.0,2.0,1.0,1.0,unknown
1.0,6.0,260.0,0.0,609.0,1.0, 4.0 ,4.0,2.0,1.0,3.0,2.0,37.0,3.0,2.0,2.0,3.0,2.0,1.0,2.0,1.0,unknown
1.0,48.0,2.0,1.0,4788.0,1.0,4.0,4.0,3.0,1.0,3.0,2.0,26.0,3.0,2.0,1.0,3.0,1.0,1.0,2.0,1.0,622
2.0,24.0,2.0,2.0,3069.0,2.0,5.0,4.0,3.0,1.0,4.0,144.0,30.0,3.0,3.0,1.0,3.0,2.0,1.0,2.0,1.0,221
2.0, 12.0 ,2.0,0.0,836.0,2.0,2.0,4.0,2.0,1.0,2.0,2.0,23.0,1.0,2.0,1.0,823.0,2.0,1.0,2.0, 0.0 ,
1.0,12.0,2.0,2.0,2577.0,1.0,3.0,2.0,1.0,1.0,1.0,3.0,42.0,3.0,2.0,1.0,3.0,2.0,1.0, 2.0 ,1.0,90
1.0,12.0,2.0,2.0,1620.0,1.0,3.0,2.0,invalid, 2.0 ,3.0,2.0,30.0,3.0, 2.0 ,1.0,3.0,2.0,1.0,2.0, 1.0 ,141
1.0, 15.0 ,2.0,2.0,1845.0,1.0,2.0,4.0,2.0,3.0,1.0,2.0,46.0,3.0,1.0,1.0,3.0,2.0,1.0,2.0,1.0,bad
1.0,24.0,2.0,1.0,6579.0, 1.0 ,1.0,4.0,3.0,1.0,2.0,,29.0,3.0,3.0,1.0,4.0,2.0,2.0,2.0,1.0,57
1.0,12.0,2.0,0.0,1893.0,1.0,3.0,4.0,2.0,3.0,4.0,2.0,1508.0,3.0,2.0,invalid,3.0,2.0,2.0, 2.0 ,1.0,970
96.0,30.0,4.0,1.0,10623.0,1.0,5.0,3.0,3.0, 1.0 ,4.0,4.0,38.0,3.0,3.0,3.0, 4.0 ,1.0,2.0,2.0,1.0,30
1.0,18.0,2.0,0.0,2249.0,2.0,4.0,4.0,3.0,1.0,3.0,3.0, 30.0 ,3.0,2.0,1.0,4.0,1.0,2.0,2.0,1.0,525
1.0,30.0,2.0,92.0, 3108.0 ,1.0,2.0,2.0,1.0,1.0,4.0,2.0,31.0,3.0,2.0,1.0,2.0,2.0,1.0,2.0,0.0,984
2.0,12.0,4.0,0.0,958.0,1.0,4.0,2.0,3.0,,3.0,1.0,47.0,3.0,2.0,2.0,2.0,1.0,1.0,2.0,1.0,673
4.0, 24.0 ,2.0,1.0,9277.0,5.0,3.0,2.0,1.0,1.0,4.0,4.0,48.0,3.0,3.0,1.0,3.0,2.0,2.0,2.0,1.0,632
4.0,24.0,4.0,10.0,6314.0, 1.0 ,1.0,4.0,3.0,2.0,2.0,4.0,27.0, 1.0 ,2.0,2.0,4.0,2.0,2.0,2.0,1.0,692
1.0,12.0,4.0,1.0,1526.0,1.0,5.0, 4.0 ,3.0,1.0,4.0,4.0,66.0,3.0,3.0,2.0,4.0,2.0,1.0,2.0,1.0,706
1.0,12.0,2.0,2.0,3590.0,1.0,3.0,2.0,3.0,2.0,2.0,2.0,29.0, 3.0 ,2.0,1.0,2.0,1.0,1.0,2.0,1.0,161
1.0, 24.0 ,4.0,1.0,6615.0,1.0,1.0,2.0,3.0,1.0,4.0,4.0,75.0,3.0,3.0,2.0,4.0,2.0, 2.0 ,2.0,1.0,308
1.0,6.0,4.0,2.0,1872.0,1.0,1.0,4.0,3.0, 1.0 ,4.0,4.0,36.0,3.0,3.0,3.0,4.0,2.0,2.0,2.0,1.0,191
4.0,12.0,2.0,0.0,2859.0,5.0,1.0, 4.0 ,3.0,1.0,4.0,4.0,38.0,3.0,2.0,33.0,4.0,2.0,2.0,2.0,1.0,211
4.0,18.0,4.0,3.0,1582.0,4.0,5.0, 4.0 ,3.0,1.0,4.0, 3.0 ,46.0, 3.0 ,2.0,2.0,3.0,2.0,1.0,2.0,1.0,208
4.0,6.0, 2.0 ,8.0,1238.0,5.0,1.0,4.0, 3.0 ,1.0,4.0,2.0,36.0,3.0, 2.0 ,1.0,340.0,1.0,2.0,2.0,1.0,bad
1.0,12.0,2.0,2.0,2578.0,1.0,1.0,3.0,2.0,1.0,4.0,4.0,55.0,3.0,3.0,1.0,4.0,2.0,1.0,2.0,1.0,932
1.0,15.0,4.0,2.0,1433.0,1.0,3.0,4.0,2.0,1.0,3.0,2.0, 25.0 ,3.0,1.0,2.0,3.0,2.0, 1.0 ,2.0,1.0,559
1.0,42.0,2.0,2.0,7882.0,1.0,4.0,2.0,3.0,3.0,4.0, 2.0 ,45.0,?,3.0,1.0,3.0,1.0,1.0,2.0,1.0,15
1.0,24.0,2.0,2.0, 4169.0 ,1.0,3.0,invalid,3.0,1.0,4.0,2.0,28.0,3.0,2.0, 1.0 ,3.0,2.0, 1.0 ,2.0,1.0,692
1.0,36.0,2.0,2.0,3959.0,1.0,1.0,4.0, 3.0 ,1.0,3.0,2.0,30.0,3.0,2.0,1.0,4.0,2.0,2.0,2.0,1.0,541
76.0, 36.0 ,2.0,0.0,invalid,1.0,4.0,2.0,3.0,1.0,4.0,4.0,39.0, 1.0 ,3.0,1.0,4.0,1.0,2.0,2.0,1.0,bad
1.0,24.0,2.0,2.0,3149.0,1.0,2.0,4.0,3.0,1.0,1.0,4.0,22.0,1.0,3.0,1.0,3.0,2.0,1.0,2.0,1.0,377
1.0,12.0,4.0,2.0,2246.0,1.0,5.0,3.0,3.0, 1.0 ,3.0,2.0,60.0,3.0,2.0,2.0,3.0,2.0,1.0,2.0,0.0,unknown
1.0,13.0,4.0,9.0,1797.0,1.0,2.0,3.0,3.0,1.0,1.0,2.0,28.0,1.0,2.0,2.0, 2.0 ,2.0,1.0,2.0, 1.0 ,659
1.0, 20.0 ,4.0,2.0,4272.0,1.0, 5.0 ,1.0,2.0,1.0,4.0,2.0,24.0,3.0,2.0,2.0,3.0,2.0, 1.0 ,2.0,1.0,unknown
,24.0, 4.0 ,1.0,2957.0,1.0,5.0,4.0,3.0,1.0,4.0,2.0, 63.0 ,3.0,2.0,2.0,3.0,2.0,2.0,2.0,1.0,
1.0,36.0,4.0,2.0,2348.0,1.0,3.0,3.0,4.0,1.0,2.0,2.0, 46.0 ,3.0,312.0,2.0,3.0,2.0,2.0,2.0,1.0,586
 3.0 ,42.0,0.0,9.0,6289.0,1.0,2.0, 2.0 ,1.0,1.0,1.0,2.0,33.0,3.0,2.0,2.0,3.0,,1.0,2.0,1.0,961
1.0,24.0,4.0,1.0,6419.0,,5.0, 2.0 ,2.0,1.0, NAN ,4.0,44.0,3.0,3.0,2.0,4.0,1.0,2.0,2.0,1.0,64
1.0,48.0,4.0,1.0,6143.0,1.0,5.0,4.0,2.0,1.0,4.0,4.0,58.0,2.0,3.0,2.0,2.0,2.0,1.0,2.0,0.0,331
4.0,24.0,4.0,6.0,1597.0,1.0, NAN ,4.0,3.0,1.0,4.0,4.0,54.0,3.0,3.0,2.0,3.0,1.0,1.0,2.0,1.0,533
1.0,36.0,2.0,10.0,887992.0,1.0,1.0,2.0,1.0,2.0,3.0,3.0,43.0,3.0,2.0,1.0,4.0,2.0,1.0,2.0,1.0,925
4.0,24.0,4.0,3.0,2223.0,2.0,5.0,4.0,3.0,330.0,4.0,2.0,52.0,1.0,2.0,2.0,3.0,2.0,1.0,2.0,1.0,
4.0,48.0,3.0,3.0,7238.0,5.0,5.0,3.0,3.0,1.0,, 3.0 ,32.0,1.0,2.0,2.0,3.0,1.0,1.0,2.0,1.0,589
2.0,2760.0,3.0,9.0,2503.0,2.0,5.0, 4.0 ,3.0,1.0,2.0,2.0,41.0,2.0,2.0,2.0,3.0,2.0,?,2.0,1.0,unknown
2.0,18.0,,9.0,2622.0,2.0,3.0, 4.0 ,3.0,1.0, 4.0 ,3.0,34.0,3.0,2.0,1.0,3.0,2.0,1.0,2.0,1.0,414
2.0,24.0,2.0,2.0,4351.0,5.0,3.0,1.0, 2.0 ,1.0, 4.0 ,2.0,48.0,3.0,2.0,1.0,2.0,2.0,2.0,2.0,1.0,445
2.0,6.0,2.0,3.0,368.0,5.0,5.0,4.0,3.0,1.0,4.0, 2.0 ,38.0,3.0,2.0,1.0,3.0,2.0,1.0,2.0,1.0,unknown
92.0,12.0,2.0,8.0,754.0, 5.0 ,5.0,4.0,3.0,1.0,4.0,2.0,38.0,3.0,2.0,2.0,3.0, 2.0 ,1.0,2.0, 1.0 ,544
4.0,24.0,4.0,3.0,2424.0,5.0,5.0, 4.0 ,3.0,1.0,4.0,2.0,53.0, 3.0 ,2.0,2.0,3.0,2.0,1.0,2.0,1.0,unknown
2.0,48.0,3.0,9.0,6681.0,5.0,3.0,4.0,3.0,1.0, 4.0 ,4.0,38.0,3.0,3.0,1.0,3.0,1.0,2.0,2.0,1.0,bad
2.0,18.0,894.0, 9.0 , 2427.0 ,435.0,5.0,4.0,3.0,1.0,2.0,2.0,42.0,3.0,2.0, 2.0 ,3.0,2.0,1.0,2.0,1.0,138
2.0,24.0,4.0,3.0,1216.0,2.0,2.0,4.0,3.0,1.0,4.0,4.0,38.0,1.0,2.0,2.0,3.0,1.0,1.0,2.0,0.0,957
2.0,6.0,2.0, 3.0 ,753.0,1.0,3.0,2.0,2.0,3.0,3.0,1.0,64.0,3.0,2.0,1.0,3.0,2.0,1.0,2.0,1.0,704
2.0, 7.0 ,2.0,3.0,2576.0,1.0,3.0,2.0,3.0,3.0,2.0,1.0,35.0, 3.0 ,2.0,1.0,3.0,2.0, 1.0 ,1.0,1.0,586
2.0,6.0,2.0,3.0,590.0,1.0,2.0,3.0,4.0,1.0, 3.0 ,1.0,26.0,3.0,2.0,1.0, 2.0 ,2.0,1.0,1.0,1.0,
2.0,8.0,2.0,3.0,1414.0,1.0,3.0,4.0,3.0,3.0,2.0,1.0,33.0,3.0,2.0,1.0,3.0,2.0,1.0,1.0, 1.0 ,unknown
2.0,12.0,2.0,3.0,1103.0,1.0,4.0,4.0,3.0,3.0,3.0,1.0,29.0,3.0, 2.0 ,2.0,3.0,2.0,1.0,2.0,1.0,565
2.0,12.0,3.0,3.0,585.0,1.0,3.0,4.0,4.0,2.0,4.0,1.0,20.0,,1.0,2.0,3.0,2.0,1.0,2.0,1.0,350
2.0,6.0,2.0,3.0,1068.0,1.0,5.0,4.0,3.0,1.0,4.0,3.0, 28.0 ,3.0,2.0,1.0,3.0,1.0,1.0,2.0,1.0,
1.0,8.0,4.0,0.0,713.0,1.0,5.0,4.0,3.0, 1.0 ,4.0,1.0,47.0,3.0,2.0,2.0,426.0,2.0,1.0,2.0,1.0,252
2.0,12.0,2.0,3.0,1092.0,1.0,3.0,4.0,2.0,3.0,4.0,1.0, 49.0 ,3.0,112.0,2.0,3.0,2.0,2.0,2.0,1.0,653
2.0,7.0,2.0,3.0,2329.0,1.0,2.0,1.0,2.0,3.0,1.0, 1.0 ,45.0,3.0,2.0,1.0,3.0,2.0,1.0,2.0,1.0,
2.0,13.0,4.0,3.0,882.0,1.0,2.0,4.0, 3.0 ,3.0,4.0,1.0,23.0,3.0,2.0,2.0,3.0,2.0,1.0,2.0, NAN ,bad
2.0,18.0,2.0,3.0,866.0,1.0,3.0,4.0,4.0,3.0,2.0,1.0,25.0,3.0,2.0,1.0,2.0,2.0,1.0,2.0,1.0,803
2.0,7.0,2.0,3.0,2415.0,1.0, 3.0 ,3.0,3.0,3.0,2.0,1.0,34.0,3.0,2.0,1.0,3.0,2.0,1.0,2.0,1.0,318
2.0,13.0,2.0,3.0,2101.0,1.0,2.0,2.0,2.0,3.0,4.0,2.0,23.0,3.0,2.0,1.0,2.0,2.0,1.0,2.0,1.0,659
2.0,18.0,2.0,3.0,1301.0,1.0,5.0,4.0,4.0,3.0,2.0,1.0,32.0,3.0,2.0,1.0,2.0,2.0,1.0,2.0,1.0,250
2.0,18.0,2.0,3.0,invalid,1.0,3.0,4.0,2.0,3.0,4.0,1.0,26.0,3.0,2.0,1.0,2.0,1.0, 1.0 ,2.0,1.0,200
2.0,8.0,2.0,3.0,760.0,1.0,4.0,4.0,2.0,3.0,2.0,1.0,44.0,3.0,2.0,1.0,2.0,2.0,1.0,2.0,1.0,575
2.0,12.0,2.0,3.0,625.0,1.0,2.0, 4.0 ,4.0,3.0,1.0,1.0,26.0,1.0, 2.0 ,1.0,2.0,2.0,1.0,2.0,1.0,bad
3.0,6.0, 4.0 ,0.0,1323.0,2.0,5.0,2.0, 1.0 ,1.0,4.0,3.0,28.0,3.0,2.0, 2.0 ,,1.0,2.0,2.0,1.0,299
1.0,9.0,4.0,3.0,1138.0,1.0,3.0,4.0,3.0,1.0,4.0,1.0,25.0,3.0,2.0,2.0,2.0,2.0,1.0,585.0,,unknown
2.0,,4.0,3.0,1795.0,1.0,5.0,3.0,2.0,3.0,4.0,1.0,48.0,1.0,1.0,2.0,2.0,2.0,2.0,2.0, 1.0 ,120
2.0,15.0,,3.0,2728.0,5.0,4.0,4.0,3.0,3.0,2.0,1.0,35.0,1.0,2.0,3.0,3.0,2.0,2.0,2.0,1.0,491
2.0,6.0,2.0,3.0, 484.0 ,1.0,4.0,3.0,4.0,3.0,3.0,1.0,28.0,1.0,2.0,1.0,2.0,2.0,1.0,2.0,1.0,782
2.0,10.0,1.0,3.0,1048.0,1.0,3.0,4.0,3.0,1.0,4.0,1.0,23.0,2.0,2.0,1.0,2.0,2.0,1.0,2.0,1.0,712
2.0,12.0,2.0,3.0,1155.0,1.0,5.0,3.0,4.0,3.0,3.0,1.0,40.0, 1.0 ,2.0,2.0,,2.0, 1.0 ,2.0,1.0,unknown
2.0,20.0,3.0,1.0,7057.0,5.0,4.0,3.0,3.0, 1.0 ,4.0,2.0,36.0,1.0,1.0,2.0,4.0,1.0,2.0,2.0,1.0,834
2.0,15.0,4.0,3.0,1537.0,5.0,,4.0,3.0,3.0,N/A,1.0,50.0,3.0,2.0,2.0,3.0,2.0,2.0,2.0,1.0,164
1.0,12.0,2.0,3.0,2214.0,1.0,45.0,4.0,3.0,1.0,3.0,2.0,24.0,3.0,2.0,1.0,2.0,2.0,1.0,2.0,1.0,
4.0,24.0,4.0,2.0,1585.0,1.0,4.0,4.0,3.0,1.0,3.0,2.0,40.0,3.0,2.0,2.0,3.0,2.0,1.0,2.0,1.0,bad
2.0,10.0,2.0, 2.0 ,1521.0,1.0,3.0,4.0,1.0,1.0,2.0, 3.0 ,31.0,3.0,2.0,1.0,2.0,2.0,1.0,2.0,1.0,807
2.0,36.0,1.0,4.0,3990.0,5.0,2.0,3.0,2.0,1.0,2.0,4.0,29.0,1.0,2.0,1.0,1.0, 2.0 ,1.0,2.0,1.0,702
3.0,18.0,2.0,2.0,3049.0,1.0,2.0,1.0,2.0,1.0,1.0,2.0,45.0,2.0,2.0,1.0,2.0,2.0,1.0,2.0,1.0,331
1.0,24.0,2.0,3.0,1282.0,2.0,3.0,4.0,2.0,1.0,2.0,3.0,32.0,3.0,2.0,1.0,2.0,2.0,1.0,2.0,0.0,766
 4.0 ,60.0,2.0,3.0,10144.0,2.0,4.0,2.0,2.0,1.0,4.0,1.0,21.0,3.0,2.0,1.0,3.0,2.0,2.0,2.0,1.0,
1.0,12.0,2.0,0.0,1168.0,1.0,,4.0,4.0,1.0,3.0,1.0,27.0,3.0,2.0,1.0,2.0, 2.0 ,1.0,2.0,1.0,350
2.0,6.0,2.0,5.0,454.0,1.0,2.0,3.0,4.0,1.0, 1.0 ,2.0,22.0,3.0,2.0, 1.0 ,2.0,2.0,1.0,2.0,1.0,532
 4.0 ,15.0,3.0,1.0,3594.0,1.0,2.0,1.0,2.0,1.0,2.0,2.0,46.0,3.0,2.0,2.0,2.0,2.0,1.0,2.0,1.0,617
4.0,12.0,2.0,2.0,1768.0,1.0,3.0,3.0,3.0,1.0,2.0,1.0,24.0, 3.0 ,1.0,1.0,2.0,2.0,1.0,406.0, 1.0 ,209
4.0,60.0,3.0, 3.0 ,15653.0,1.0,4.0,2.0,3.0,1.0,4.0,3.0,21.0,3.0,2.0,2.0,3.0,2.0,2.0,2.0,1.0,932
3.0,12.0,3.0,0.0,2247.0,1.0,3.0,2.0,2.0,1.0,2.0,3.0,36.0,2.0,,2.0, 3.0 ,2.0,2.0,2.0,,866
4.0,24.0,2.0,3.0,1413.0,1.0,3.0,4.0,4.0,1.0,,2.0,28.0,3.0,2.0,1.0,3.0,2.0,1.0,2.0,1.0,
2.0,45.0,4.0,1.0,4576.0,2.0,1.0,3.0,3.0,1.0,4.0,3.0,27.0,3.0,2.0,1.0,3.0,2.0,1.0,2.0,1.0,bad
1.0,24.0,4.0,3.0,1231.0,4.0,5.0,4.0,2.0,1.0,4.0,2.0,825.0,3.0, 1.0 ,2.0,4.0,2.0,158.0,2.0,1.0,unknown
1.0,36.0,2.0,1.0,8335.0, 5.0 ,5.0,3.0,3.0,1.0,4.0,,47.0,3.0,3.0,1.0,3.0,2.0,1.0,2.0,0.0,406
2.0,36.0,4.0,1.0,5800.0,1.0,3.0,3.0,3.0,1.0,4.0,3.0,invalid,3.0,2.0,2.0,3.0,2.0,2.0,2.0,1.0,170
1.0,18.0,3.0,6.0,8471.0,5.0,3.0,1.0,2.0,1.0,2.0, 3.0 ,23.0,3.0,1.0,2.0,3.0,2.0,2.0,2.0,1.0,
685.0,30.0,2.0,2.0,3622.0,4.0,5.0,4.0,2.0,1.0,4.0,2.0,57.0,3.0,1.0,2.0,3.0,2.0,2.0,2.0,1.0,897
1.0,6.0,4.0,3.0,1169.0,5.0,5.0,4.0,3.0,1.0,4.0,1.0,67.0,3.0,2.0,2.0,3.0,2.0,2.0,2.0,1.0,828
4.0,15.0,2.0,4.0,1262.0,3.0,4.0,4.0,3.0,1.0,3.0,2.0,36.0,3.0,2.0,2.0,3.0,2.0,2.0,2.0,1.0,bad
3.0,NULL,4.0,2.0,3617.0,5.0,5.0,4.0, 3.0 ,2.0,4.0,4.0,20.0,3.0,1.0,2.0,3.0,2.0,1.0,2.0,1.0,
2.0,30.0,4.0,0.0,2181.0,5.0,5.0,4.0, 3.0 ,1.0,4.0,1.0,36.0,3.0,2.0,2.0,3.0,2.0,1.0,2.0,1.0,
1.0,48.0,1.0,9.0,7685.0,1.0,4.0,2.0,2.0,3.0,4.0,3.0,37.0,203.0,1.0,1.0,3.0,2.0,1.0,2.0,0.0,273
4.0,48.0,4.0,6.0,6110.0,1.0,3.0,1.0,3.0,1.0,3.0,4.0,31.0,1.0,3.0,1.0,3.0,2.0,2.0,2.0,1.0,534
4.0,24.0,2.0,0.0,, 1.0 ,5.0,4.0, 2.0 ,2.0,4.0, 4.0 ,62.0,3.0,3.0,1.0,3.0,2.0,,2.0,1.0,165
1.0,42.0,4.0,5.0,3394.0,1.0, 1.0 ,4.0,3.0,2.0,4.0,3.0,65.0,3.0,2.0,2.0,1.0,2.0,1.0,2.0,1.0,960
4.0,36.0,4.0,9.0,6304.0,5.0,5.0,4.0,3.0,1.0,4.0,1.0,36.0, 3.0 ,2.0,2.0,3.0,2.0,1.0,2.0,1.0,163
4.0,9.0,,6.0,1244.0,5.0,5.0,4.0,2.0,1.0, 4.0 ,2.0,41.0,3.0,1.0,2.0,2.0,2.0,1.0,2.0,1.0,unknown
,6.0,2.0,0.0,3518.0,1.0,3.0,2.0, 3.0 ,3.0,3.0,2.0,26.0,3.0, NAN ,1.0,3.0,2.0,1.0,2.0,1.0,221
4.0,36.0,0.0,5.0,2613.0,1.0,3.0,4.0,3.0,1.0,2.0,3.0,27.0,3.0,2.0,2.0,3.0,2.0,1.0,2.0,1.0,521
1.0,48.0,2.0,N/A,7476.0,1.0,4.0,4.0,3.0,1.0,1.0,4.0,50.0,3.0,3.0,1.0,4.0, 2.0 , 2.0 ,2.0,1.0,unknown
4.0,24.0,2.0,9.0,4591.0, 4.0 ,3.0,2.0,3.0,1.0,3.0,2.0,54.0,3.0,2.0,3.0,4.0, 2.0 ,2.0,2.0, 0.0 ,unknown
2.0,18.0,2.0,2.0,1924.0,5.0,2.0,4.0,2.0,1.0,3.0,,27.0,3.0,1.0,1.0,3.0,2.0,1.0,2.0,0.0,388
2.0,72.0,2.0,3.0,5595.0,2.0, 3.0 ,2.0,4.0,1.0,2.0,3.0,24.0,3.0,2.0,1.0,3.0,2.0,1.0,,0.0,201
2.0,48.0,3.0,6.0,6224.0,1.0,error,4.0,3.0,1.0,4.0,4.0,50.0,3.0,3.0,1.0,3.0,2.0,1.0,2.0,0.0,21
3.0,15.0,2.0,6.0,1905.0,1.0,5.0,4.0,3.0,1.0,4.0,3.0,40.0,3.0,1.0,1.0,4.0,2.0,2.0,2.0,1.0,597
4.0,21.0,3.0,1.0,2993.0,1.0,3.0,3.0,3.0,1.0,2.0,1.0,28.0,2.0,2.0,2.0,2.0,2.0,1.0,2.0,?,979
4.0,36.0,3.0,1.0,8947.0,5.0,4.0,3.0,3.0,1.0,2.0,297.0,31.0,2.0,2.0,1.0,4.0,1.0,2.0,2.0,1.0,63
1.0,24.0, 2.0 ,2.0,4020.0, 1.0 ,3.0,2.0,3.0,1.0,2.0,3.0,27.0,2.0,2.0,1.0,3.0,2.0,1.0,2.0,1.0,bad
2.0,18.0,2.0,1.0,2779.0,1.0,3.0,1.0,4.0, 1.0 ,3.0,3.0,21.0,3.0,1.0,1.0,3.0,2.0,2.0,2.0,1.0,
4.0,21.0,2.0,0.0,2782.0,3.0,4.0,1.0,2.0,1.0,2.0, 3.0 ,31.0,1.0,2.0,1.0,4.0,2.0,1.0,2.0,1.0,908
4.0,12.0,2.0,0.0,1884.0,1.0,5.0,4.0,3.0,1.0,4.0,3.0,39.0,3.0,2.0,1.0,4.0,2.0,2.0,2.0,1.0,69
4.0,36.0,4.0,1.0,11054.0,5.0,3.0,4.0,3.0,1.0,2.0,3.0,30.0, 3.0 ,2.0,1.0,4.0,2.0, 2.0 ,2.0,1.0,891
2.0,60.0,3.0,3.0,9157.0,5.0,3.0,2.0,3.0,1.0,2.0,4.0,27.0,3.0, 3.0 ,1.0,4.0,2.0,1.0,2.0,1.0,
2.0,42.0,1.0,1.0,9283.0,1.0,1.0,1.0, 3.0 ,1.0,2.0,4.0,55.0,1.0,3.0,1.0,4.0,2.0,2.0,2.0,1.0,unknown
4.0,60.0, 2.0 ,0.0,,5.0,3.0,4.0, 3.0 ,1.0,4.0,4.0,34.0,3.0,3.0,,3.0,1.0,2.0,2.0,1.0,bad
4.0,15.0, 4.0 ,1.0,3368.0,4.0,5.0,3.0,3.0,1.0,4.0,4.0,23.0,3.0,1.0,2.0,3.0,2.0,2.0,2.0,1.0,133
 1.0 ,15.0,2.0,0.0,2511.0,1.0,,1.0,2.0,1.0,4.0,3.0,23.0,3.0,1.0,1.0,3.0,2.0,1.0,2.0,1.0,798
1.0,36.0,2.0,1.0,5493.0, 1.0 ,5.0,2.0,3.0,1.0,4.0,4.0,42.0,3.0,3.0,1.0,3.0, 1.0 ,1.0,2.0,1.0,69
4.0,6.0,2.0,4.0,1338.0,3.0,3.0,1.0,1.0,1.0,4.0,1.0,62.0,3.0,2.0,1.0,3.0,2.0,1.0,2.0,1.0,463
2.0,,2.0,3.0,1082.0,1.0,5.0,4.0,3.0,1.0,4.0,3.0,37.0,3.0,2.0,2.0,2.0,,1.0,2.0,1.0,948
4.0,18.0,4.0,3.0,1149.0,4.0,3.0,4.0,3.0,1.0,3.0,1.0,46.0,3.0,2.0,182.0,3.0,2.0, 1.0 ,2.0,1.0,405
2.0,15.0,2.0,5.0,1308.0,1.0,5.0,4.0,3.0,1.0,4.0,3.0,38.0,3.0,2.0,2.0,2.0,2.0,1.0,2.0,1.0,827
2.0,20.0,0.0,1.0,6148.0,2.0,5.0,3.0, 4.0 ,1.0,4.0,3.0,31.0,1.0,2.0,2.0,3.0,2.0,2.0,error,1.0,692
4.0,12.0,2.0,2.0,1736.0,398.0,4.0, 3.0 ,2.0,1.0,4.0,1.0,31.0,3.0, 2.0 ,1.0, 2.0 ,2.0,1.0,2.0,1.0,bad
4.0,12.0,2.0,3.0,3059.0,4.0,4.0,2.0,1.0,1.0,4.0,1.0,61.0,3.0,2.0,1.0,2.0,2.0,1.0,2.0,1.0,unknown
1.0,24.0,2.0,2.0,2996.0,5.0,3.0,2.0,4.0,1.0,4.0,3.0,20.0,3.0,2.0, 1.0 ,3.0, 2.0 ,1.0,2.0,0.0,unknown
4.0,30.0,4.0,1.0,7596.0,5.0,5.0,1.0,3.0,1.0,4.0,3.0,63.0,3.0,2.0,2.0,3.0,2.0,1.0,2.0,1.0,301
4.0,30.0,2.0,1.0, 4811.0 ,5.0,4.0,2.0,2.0,1.0, 4.0 ,2.0,24.0,2.0,1.0,1.0, 2.0 ,2.0,1.0,2.0,1.0,
4.0,6.0,2.0,2.0,1766.0,1.0,3.0,1.0,4.0,1.0,2.0,2.0, 21.0 ,3.0,1.0,1.0,3.0,2.0,1.0,2.0,1.0,66
2.0,24.0,2.0,1.0,2760.0,5.0,5.0,4.0,3.0,1.0,4.0,4.0,36.0,1.0,3.0,1.0,3.0,2.0,2.0,2.0,1.0,106
4.0,24.0,4.0,5.0,5507.0,1.0,5.0,3.0,3.0,1.0, 4.0 ,4.0,44.0,3.0,3.0,2.0,3.0,2.0,1.0,2.0,1.0,109
2.0,9.0,2.0,6.0,1199.0,1.0,4.0,4.0,2.0,1.0,N/A,2.0,67.0,3.0,2.0,2.0,4.0,2.0,2.0,2.0,1.0,949
3.0,24.0,2.0,2.0,2892.0,1.0,5.0,3.0, 1.0 ,1.0,288.0,4.0,51.0, 3.0 ,3.0,1.0,3.0,2.0,1.0,2.0,1.0,unknown
2.0,36.0,3.0,N/A,2862.0,2.0,5.0,4.0,3.0,1.0,3.0,4.0,30.0,568.0,3.0, 1.0 ,3.0,2.0,1.0,2.0,1.0,unknown
, 9.0 ,2.0, 0.0 ,654.0,1.0,3.0,4.0,3.0,1.0, 3.0 ,3.0,28.0,3.0,2.0,1.0,2.0,2.0,1.0,2.0,0.0,845
2.0,9.0,4.0,6.0,1136.0,4.0,5.0,4.0,3.0,1.0, 3.0 ,4.0,32.0,3.0,3.0,2.0,3.0,1.0,1.0,2.0,0.0,343
144.0,24.0,2.0,471.0,4113.0,N/A,2.0,3.0,2.0,1.0,4.0,3.0,28.0,3.0,1.0,1.0,3.0,2.0,1.0,2.0,0.0,475
2.0,6.0,2.0,0.0,14555.0,5.0,1.0,1.0,3.0,1.0,2.0,2.0,23.0,3.0,2.0,1.0,1.0,2.0,2.0,2.0,0.0,883
1.0,15.0,0.0,0.0,950.0,1.0,5.0,4.0,3.0,1.0,3.0,3.0,33.0,3.0,1.0,2.0,3.0,1.0,1.0,2.0,0.0,147
1.0,24.0,4.0,0.0,1199.0,1.0,5.0,4.0,3.0,1.0,4.0,3.0,60.0,3.0,2.0,2.0,2.0,2.0,1.0,2.0,0.0,bad
1.0,12.0,0.0,0.0,1082.0,1.0,3.0,4.0,3.0,1.0,4.0,3.0,48.0,1.0,2.0,2.0,3.0,2.0,1.0,2.0,0.0,unknown
2.0,30.0,2.0,,2150.0,1.0,3.0,4.0,2.0,3.0,2.0,4.0,24.0,1.0,2.0,1.0,3.0,2.0,1.0,2.0,0.0,252
2.0,36.0,4.0, 0.0 ,2820.0,1.0,2.0,4.0,1.0,1.0,,3.0,27.0,3.0,2.0,2.0,3.0,2.0,1.0,2.0,0.0,668
2.0,48.0,70.0,3.0,3060.0,1.0,4.0,4.0,3.0, 1.0 ,4.0,1.0,28.0, 3.0 ,2.0,2.0,3.0,2.0,1.0, 2.0 ,0.0,635
1.0,18.0,2.0,3.0,2600.0,1.0,3.0,4.0,3.0,1.0,4.0,4.0,65.0,3.0,3.0,2.0,3.0,2.0,1.0,2.0,0.0,332
4.0,21.0,0.0,0.0,5003.0,5.0,3.0,1.0,2.0,1.0,4.0,2.0,29.0,1.0,2.0,2.0,3.0, 2.0 ,2.0,2.0,0.0,115
2.0,60.0,2.0,6.0,6288.0,1.0, 3.0 ,4.0, 3.0 ,1.0, 4.0 , 4.0 ,42.0,3.0,3.0,1.0,3.0,2.0,1.0,2.0,0.0,82
4.0,24.0,3.0,0.0,2538.0,1.0,5.0,4.0,3.0,1.0,4.0,3.0,47.0,3.0,2.0,2.0,2.0,1.0,1.0,2.0,0.0,442
4.0,9.0,2.0,3.0,1478.0,1.0,4.0,4.0,3.0,1.0,2.0,3.0,22.0,3.0,2.0,1.0,3.0,2.0,1.0,2.0,0.0,321
2.0,39.0,4.0,3.0,4933.0,1.0,4.0,2.0,3.0,3.0,2.0,1.0,25.0,3.0,2.0,2.0,3.0,2.0,1.0,2.0,0.0,33
4.0,18.0,4.0,0.0,1530.0,1.0,3.0,3.0,3.0,1.0,2.0,2.0,32.0,1.0,2.0,2.0,3.0,2.0,1.0,2.0,0.0,690
104.0,9.0,1.0,0.0,1437.0,2.0,4.0,2.0,3.0,1.0, 3.0 ,4.0,29.0,3.0,2.0,1.0,3.0,2.0,1.0,2.0,0.0,957
1.0,15.0,2.0,4.0, 1275.0 ,5.0,3.0,4.0,2.0,1.0,2.0,3.0,24.0,3.0,1.0, 1.0 ,3.0,2.0, 1.0 ,2.0,0.0,
1.0,24.0,2.0,3.0,1823.0,1.0,1.0,4.0,3.0,1.0,2.0,3.0,30.0,2.0,2.0,1.0,4.0,1.0,1.0,2.0,0.0,unknown
1.0,9.0,2.0,0.0,1422.0,1.0,2.0,3.0,3.0,1.0,2.0,4.0,27.0,3.0,3.0,1.0,4.0,2.0,2.0,2.0,0.0,190
1.0, 18.0 ,2.0,4.0,1217.0,1.0,3.0,4.0,4.0,1.0,3.0,1.0,47.0,3.0,2.0,,2.0,2.0,2.0,2.0,0.0,431
1.0,36.0,2.0,,9271.0,1.0,4.0,2.0,3.0,1.0,1.0,3.0,24.0,3.0,2.0,1.0,3.0,2.0,2.0,2.0,,914
1.0,36.0,3.0,9.0,2145.0,1.0,4.0,2.0,3.0,1.0,1.0,3.0,24.0,3.0, 2.0 ,2.0,3.0,2.0,2.0,2.0,0.0,unknown
1.0,36.0,2.0,0.0,1842.0,1.0,2.0,4.0,2.0,1.0,4.0,3.0,34.0,3.0,2.0,1.0,3.0,2.0, 2.0 ,2.0,,456
2.0,18.0,3.0,2.0,4297.0,1.0,5.0,4.0,1.0,1.0,3.0,4.0,40.0,3.0,2.0,1.0,4.0,2.0, 2.0 ,2.0,0.0,925
1.0,6.0,4.0,2.0,3384.0,1.0,3.0,1.0,1.0,1.0,4.0,1.0,44.0,3.0,1.0,1.0,4.0,2.0, 2.0 ,2.0,0.0,
2.0,18.0,4.0,3.0,1245.0,1.0,3.0,4.0,4.0,1.0,2.0,3.0,33.0,3.0,2.0,1.0,3.0,2.0,1.0,2.0,0.0,
4.0,15.0,2.0,6.0,4623.0,2.0,3.0,3.0,3.0,1.0,2.0,2.0,40.0,3.0,2.0,1.0,4.0,2.0,2.0,,0.0,863
2.0,30.0,4.0,46.0,8386.0,1.0,,2.0, 3.0 ,1.0,2.0,2.0,49.0,3.0,2.0,1.0,3.0,2.0,1.0,2.0,0.0,998
1.0,24.0,3.0,3.0,1024.0,1.0,2.0,4.0,4.0,33.0,4.0,1.0, 48.0 ,2.0,2.0,1.0,3.0,2.0,1.0,2.0,0.0,557
2.0,36.0,2.0,0.0,14318.0,1.0,5.0,4.0,3.0,1.0,2.0,4.0,57.0,3.0,3.0,1.0,4.0,2.0,2.0,2.0,0.0,374
,6.0,1.0,6.0,433.0,4.0,2.0,4.0,2.0,1.0,2.0,2.0,24.0,1.0,1.0,1.0,3.0,1.0, 1.0 ,2.0,0.0,61
1.0, 12.0 ,1.0,3.0,2149.0,1.0,3.0,4.0, 1.0 ,1.0,1.0,4.0,29.0,3.0,3.0,1.0,3.0,2.0,1.0,2.0,0.0,unknown
4.0,24.0,2.0,3.0,2397.0,3.0,5.0,3.0,3.0,1.0,2.0,3.0,35.0,1.0,632.0,2.0,3.0,2.0,2.0,2.0,0.0,unknown
2.0,,1.0, 0.0 ,931.0,2.0,2.0,1.0,2.0,1.0,1.0,2.0,32.0,2.0,2.0,1.0,2.0,2.0,1.0,2.0, 0.0 ,10
2.0,15.0,3.0,5.0,1512.0,4.0,3.0,3.0,4.0,1.0,3.0,2.0,61.0,2.0,2.0,2.0,3.0,2.0,1.0,2.0,0.0,802
2.0,24.0,0.0, 9.0 ,4241.0,1.0,3.0,1.0,3.0,1.0,4.0,invalid,36.0,3.0,2.0,3.0,2.0, 2.0 ,2.0,2.0,0.0,424
2.0,24.0,4.0,2.0,4736.0,1.0,2.0,2.0,2.0,1.0,4.0,3.0,25.0,1.0,2.0, 1.0 , 2.0 ,2.0,1.0,2.0,0.0,552
2.0,15.0,0.0,0.0,1778.0,1.0,2.0,2.0,2.0,1.0,1.0,1.0,26.0,3.0,1.0,2.0,1.0,2.0,1.0,2.0,0.0,bad
3.0,15.0,2.0,3.0,2327.0,1.0,2.0,error,2.0,1.0,3.0,1.0,25.0,3.0,2.0,1.0,2.0,2.0,1.0,2.0,0.0,329
1.0,24.0,1.0,2.0,6872.0,1.0,2.0,2.0,1.0, 1.0 ,1.0,2.0,55.0,1.0,2.0,1.0,3.0,2.0, 2.0 ,2.0,0.0,816
1.0,12.0,2.0,6.0,795.0,1.0,2.0,4.0,2.0,1.0,4.0,2.0,53.0,3.0,2.0,1.0,3.0,2.0,1.0,,0.0,583
 3.0 ,30.0,3.0,9.0,1908.0,1.0,5.0,4.0,3.0,1.0,4.0,1.0,, 3.0 ,2.0,1.0,4.0,140.0,2.0,2.0,0.0,unknown
2.0,36.0,0.0,9.0,1953.0,1.0,,4.0,3.0,1.0,4.0,4.0,61.0,3.0,3.0, 1.0 ,4.0,2.0,28.0,2.0,0.0,268
3.0,18.0,2.0,2.0,,1.0,3.0,2.0,3.0,1.0,1.0,1.0,34.0,3.0,2.0, 1.0 ,2.0,1.0,1.0,2.0,0.0,788
3.0,21.0,4.0,6.0,2319.0, 1.0 ,2.0,2.0,1.0,1.0,1.0,3.0,33.0,3.0,1.0,1.0,3.0,2.0,1.0,2.0,0.0,241
1.0,24.0,2.0,0.0,915.0,5.0,5.0,4.0,2.0,1.0,2.0,3.0,29.0,1.0,2.0,1.0,3.0,2.0,1.0,2.0,0.0,unknown
3.0,24.0,2.0,0.0,947.0,1.0,4.0,,3.0,1.0,3.0,4.0,38.0,1.0,485.0, 1.0 ,3.0,1.0,1.0, 2.0 ,0.0,828
1.0,24.0,2.0,0.0,1381.0, 5.0 ,3.0,4.0,2.0,1.0,2.0,2.0,35.0,3.0,2.0,1.0,675.0,2.0,1.0,2.0,0.0,116
1.0,24.0,2.0,0.0,1285.0,5.0,4.0,4.0,2.0, 1.0 ,4.0,4.0,32.0,3.0,1.0,1.0,3.0,2.0,1.0,2.0,0.0,
 1.0 ,24.0,2.0,0.0,1371.0,5.0,3.0,4.0, 2.0 ,1.0,4.0,1.0,25.0,3.0,1.0,,,2.0,1.0,2.0,0.0,677
2.0, 18.0 ,2.0,0.0,1042.0,5.0,3.0,4.0,2.0,1.0,2.0,2.0,33.0,3.0,2.0,1.0,3.0,2.0,1.0,2.0,0.0,273
1.0,12.0,2.0,0.0,900.0,5.0,3.0,4.0,4.0,1.0,2.0,3.0,23.0,3.0,2.0,1.0,3.0,2.0,,2.0,0.0,27
1.0,24.0,2.0, 0.0 ,1207.0,1.0,2.0,4.0,2.0,1.0,4.0,2.0,24.0,3.0,1.0, 1.0 ,3.0,2.0,1.0,2.0,0.0,
2.0,18.0,0.0,0.0,2278.0,2.0,2.0, 3.0 , 2.0 ,1.0,3.0,3.0, 28.0 ,3.0,2.0,2.0,3.0,2.0,1.0,2.0,0.0,496
1.0,60.0,3.0,9.0,6836.0,1.0,5.0,3.0,3.0,1.0,4.0,4.0,63.0,3.0,2.0,2.0, 3.0 ,2.0, 2.0 ,2.0,0.0,bad
667.0,24.0,2.0,2.0,3345.0,1.0,5.0, 4.0 ,3.0,1.0,2.0,2.0,39.0,3.0,1.0,1.0,4.0,2.0,2.0,2.0,0.0,unknown
1.0,6.0,1.0,6.0,1198.0,1.0,5.0,4.0,2.0,1.0,4.0,4.0,35.0,3.0,3.0,1.0,3.0, 2.0 ,1.0,2.0,0.0,bad
2.0,48.0,2.0,,15672.0,1.0,3.0,2.0,3.0,1.0,2.0,3.0,23.0,3.0, 2.0 ,invalid,3.0,2.0,2.0,2.0,0.0,277
1.0,60.0,2.0,9.0,7297.0,1.0,5.0,4.0,3.0,,4.0,4.0,36.0,3.0,1.0,1.0,3.0,2.0,1.0,2.0,0.0,185
4.0,18.0,2.0,5.0,1943.0,1.0,2.0,4.0,2.0,1.0,4.0,1.0,1196.0,3.0,2.0,1.0,3.0,2.0,1.0,,0.0,910
1.0,18.0,2.0,3.0,3190.0,1.0,3.0,2.0,2.0, 1.0 ,2.0,1.0,24.0,3.0,2.0,1.0,3.0,2.0,1.0,2.0,0.0,353
2.0,9.0,1.0,1.0,5129.0,1.0,5.0,2.0,2.0,1.0,4.0,4.0,74.0,1.0,3.0,1.0,4.0,1.0,2.0, 2.0 ,0.0,891
4.0,18.0,3.0,2.0,1808.0,1.0, 4.0 ,NULL,2.0,1.0,1.0,1.0,22.0,3.0,2.0,1.0, 3.0 ,2.0,1.0,2.0,0.0,60
 3.0 ,10.0,2.0, 0.0 ,1240.0,2.0,5.0,1.0,2.0,1.0,4.0,4.0,48.0,3.0,3.0,14.0,2.0,1.0,1.0,2.0,0.0,558
1.0,12.0,2.0,0.0,759.0,1.0,4.0, 4.0 ,3.0,1.0,2.0,1.0,26.0,3.0,2.0, 1.0 ,3.0,2.0,1.0,2.0,0.0,74
2.0,8.0,2.0,2.0,1237.0,1.0,3.0,3.0,2.0,1.0,4.0,1.0,24.0,3.0,2.0,1.0,3.0,2.0,1.0,2.0,878.0,554
4.0,9.0,2.0,2.0,1980.0,1.0,2.0,114.0,2.0,2.0,2.0,3.0,19.0,3.0,1.0,2.0,3.0,2.0,1.0,2.0,0.0,10
2.0,48.0,,3.0,10961.0,4.0, 4.0 , 1.0 ,3.0,2.0,2.0,4.0,27.0,1.0,2.0,,75.0,192.0,2.0,2.0,0.0,156
1.0,36.0,3.0,6.0,6887.0,1.0,3.0,4.0,3.0,1.0,3.0,2.0,29.0,2.0,2.0,1.0,3.0,2.0,2.0,2.0, 0.0 ,146
1.0,24.0,2.0,3.0,1938.0,1.0,2.0,4.0,1.0,1.0,3.0,2.0,32.0,3.0,2.0,1.0,3.0,2.0,1.0,2.0,0.0,709
1.0,21.0,2.0,3.0,1835.0,1.0,3.0, 3.0 ,2.0,1.0,2.0,1.0,25.0,3.0,2.0, 2.0 ,3.0,2.0, 2.0 , 2.0 ,0.0,unknown
1.0,24.0,3.0,3.0,1659.0,1.0, 2.0 ,4.0,2.0,1.0,2.0,3.0,29.0,3.0,1.0,1.0,2.0,2.0,2.0,2.0,,558
2.0,6.0,3.0,0.0,1209.0,1.0, 1.0 ,4.0,3.0,1.0,4.0,2.0, 47.0 ,3.0,2.0,1.0,4.0,2.0,2.0,2.0,0.0,196
2.0,48.0, 0.0 ,9.0,3844.0,2.0,4.0,4.0,3.0,1.0,4.0,4.0,34.0,3.0,3.0,1.0,2.0,1.0,1.0,2.0,0.0,bad
1.0, 12.0 ,4.0,0.0,4843.0,1.0,5.0,3.0,3.0,2.0,4.0,2.0,43.0,3.0,1.0,2.0,3.0,2.0,2.0,2.0,0.0,377
2.0,12.0,2.0,5.0,639.0,1.0,3.0,4.0,3.0,1.0,2.0, 3.0 ,30.0,3.0,2.0,1.0,3.0,2.0,1.0,2.0,0.0,978
2.0,48.0,2.0, 3.0 ,5951.0,1.0,3.0,2.0,2.0,1.0,2.0,1.0,22.0,3.0,2.0,1.0,3.0,2.0,1.0,N/A,0.0,unknown
2.0,36.0,0.0,3.0,3804.0,,3.0,4.0,2.0,1.0,1.0,3.0,42.0,3.0,2.0,1.0,3.0,2.0,2.0,2.0, 0.0 ,31
4.0,36.0,3.0,3.0,4463.0,1.0,3.0,4.0,3.0,1.0,2.0,3.0,26.0,3.0,2.0,2.0,4.0,2.0,2.0,2.0,0.0,31
4.0,NULL,3.0,9.0,7980.0,5.0,2.0,4.0,3.0,1.0,4.0,3.0,27.0, 3.0 ,1.0,2.0,3.0, 2.0 ,2.0,2.0,0.0,unknown
3.0,36.0,2.0,3.0,4210.0,1.0,3.0,4.0,3.0,1.0,2.0,3.0,26.0,3.0,2.0,1.0,3.0,2.0,1.0,2.0,0.0,bad
4.0,6.0, 2.0 ,2.0,4611.0,1.0,2.0,1.0,2.0,1.0,4.0,2.0,32.0,3.0,2.0,1.0,3.0,2.0,1.0,2.0,0.0,407
2.0,24.0,2.0,1.0,11560.0,1.0, 3.0 ,1.0,2.0,1.0,4.0,3.0,23.0,3.0,1.0,2.0,4.0,2.0,1.0,2.0,0.0,995
4.0,18.0,0.0,9.0,4165.0,1.0,3.0,2.0,3.0,1.0,2.0,3.0,36.0,2.0,2.0,2.0,3.0,1.0,1.0,2.0,0.0,195
2.0,24.0,2.0,2.0,4057.0,1.0,4.0,3.0, 1.0 ,1.0,3.0,3.0,43.0,3.0,2.0,1.0,3.0,2.0,2.0,2.0,0.0,unknown
4.0,18.0, 1.0 ,0.0,,1.0,5.0,2.0,3.0,1.0,4.0,4.0, 39.0 ,1.0,2.0,2.0,4.0,1.0,2.0,2.0,0.0,482
4.0,12.0,2.0,0.0,1386.0,3.0,3.0,2.0,N/A,1.0,2.0,2.0,26.0,3.0,2.0,1.0,3.0,2.0,1.0,2.0,0.0,659
1.0,36.0,2.0,6.0,1977.0,5.0,5.0,4.0,3.0,1.0,4.0,4.0,40.0,3.0,2.0,1.0,4.0,2.0,2.0,2.0,0.0,546
2.0,18.0,4.0,2.0,1928.0, 1.0 ,2.0,146.0, 3.0 ,1.0,2.0, 1.0 ,31.0,3.0,2.0,2.0,2.0,2.0,1.0,2.0,0.0,unknown
4.0,12.0,2.0,2.0,invalid,3.0,3.0,4.0,2.0,1.0,4.0,3.0,29.0,141.0,1.0, 1.0 ,2.0,2.0, 1.0 ,2.0,0.0,276
2.0,24.0,2.0,10.0,11328.0,1.0,3.0,2.0,3.0,2.0,3.0,3.0,29.0,1.0,2.0,2.0,4.0,2.0,2.0, 2.0 ,0.0,
2.0,24.0,4.0,10.0,11938.0,1.0,3.0,2.0,3.0,2.0,3.0,3.0,526.0,3.0,2.0,2.0,4.0,1.0,2.0,2.0,0.0,267
2.0,27.0,4.0,3.0,2520.0,3.0,3.0,4.0,3.0,1.0,2.0,2.0,23.0,3.0,2.0,2.0,2.0,2.0,1.0,2.0,0.0,144
2.0,30.0,3.0,3.0, 1919.0 ,235.0,2.0,4.0,3.0,1.0,3.0,4.0,30.0,2.0,2.0, 2.0 ,4.0,2.0,1.0,2.0,0.0,95
2.0,60.0,601.0,10.0,14782.0,2.0,5.0,3.0,2.0,1.0,4.0,4.0,60.0,1.0,3.0,2.0,4.0,2.0,2.0,2.0, 0.0 ,67
2.0,36.0,2.0,3.0, 2671.0 ,2.0,3.0,4.0,2.0,2.0,4.0,4.0,50.0,3.0,3.0,1.0,3.0,2.0,,2.0, 0.0 ,353
2.0,36.0,2.0,6.0,12612.0,,3.0,1.0,3.0,,4.0,4.0,47.0, 3.0 ,3.0,1.0,3.0,1.0,2.0,2.0,0.0,816
2.0,45.0,2.0,3.0,3031.0, 2.0 ,63.0,4.0,3.0,3.0,4.0,2.0,21.0,213.0,1.0,1.0,3.0,2.0, 1.0 ,2.0,0.0,154
1.0,12.0,1.0, 3.0 ,626.0,1.0,3.0,4.0,2.0,1.0,4.0,1.0,24.0,1.0,2.0,1.0,2.0,2.0,1.0,2.0,0.0,4
2.0,24.0,4.0,9.0,1935.0,1.0,5.0,4.0,1.0,1.0,4.0,1.0,31.0,3.0,2.0,2.0,3.0,2.0,2.0,2.0,0.0,
3.0,24.0,4.0,0.0,1344.0,5.0,4.0,4.0,3.0,1.0,341.0,1.0,37.0,1.0,2.0,2.0,2.0,1.0,1.0,2.0,0.0,561
4.0,18.0,2.0,2.0,1533.0,1.0,2.0,4.0,4.0,2.0,1.0,2.0,43.0,3.0,2.0,1.0,2.0,1.0,1.0,2.0,0.0,563
1.0,48.0,2.0,0.0, 3931.0 ,1.0,4.0,4.0,3.0,1.0,4.0,4.0,46.0,3.0,3.0,1.0,3.0,1.0, 1.0 ,2.0,0.0,1
1.0,24.0,1.0,2.0,3349.0,3.0,2.0, 4.0 ,3.0,1.0,4.0,4.0,30.0,3.0,3.0,1.0,3.0,1.0,2.0,2.0,0.0,203
1.0,36.0, 2.0 ,3.0,2302.0,1.0,3.0,4.0,1.0,1.0,4.0,3.0,31.0,3.0,1.0,75.0,3.0, 2.0 ,1.0,2.0,0.0,348
1.0,42.0,2.0,3.0,3965.0,1.0,,4.0,3.0,1.0,3.0,3.0,34.0,3.0,2.0,1.0,3.0,2.0,1.0,2.0,0.0,bad
1.0,12.0,2.0,3.0,727.0,2.0,2.0,4.0, 4.0 ,1.0,3.0,4.0,33.0,3.0,2.0,1.0,2.0,2.0,2.0,2.0,0.0,650
4.0,48.0,2.0,9.0,3914.0,5.0,3.0,4.0,1.0,1.0,2.0,1.0,38.0,1.0,2.0,1.0,3.0,2.0,1.0,934.0,0.0,814
1.0,48.0,2.0,9.0,4308.0,1.0,2.0,3.0,2.0,1.0,4.0,2.0,24.0,3.0,1.0,1.0,3.0,2.0,1.0,2.0,0.0,bad
2.0,12.0,2.0,3.0,1534.0,1.0,2.0,1.0,4.0,1.0,1.0,1.0,23.0,3.0,1.0,1.0,3.0,2.0, ERROR ,2.0,0.0,unknown
4.0,18.0,4.0,0.0,2775.0,1.0,4.0,2.0,3.0,1.0,2.0,2.0,31.0,1.0, 2.0 ,2.0,3.0,2.0,1.0,2.0,0.0,
1.0, 40.0 ,4.0,6.0,5998.0,1.0,3.0,4.0, 3.0 ,1.0,3.0,4.0,27.0,1.0, 2.0 ,1.0,3.0,2.0,2.0,2.0,0.0,384
3.0,15.0,4.0,3.0,1271.0,5.0,3.0,3.0,3.0,1.0,4.0,4.0,39.0,3.0,3.0,2.0,194.0,2.0,2.0,2.0,0.0,157
2.0,12.0,2.0,?,1295.0,1.0,2.0,3.0,2.0,1.0,1.0,3.0,25.0,3.0,1.0,1.0,3.0,2.0,1.0,2.0, 0.0 ,575
2.0, 36.0 ,2.0,1.0,9398.0,1.0,2.0,1.0,4.0,1.0,4.0,3.0,28.0,3.0,1.0,1.0,4.0,2.0,2.0,2.0,0.0,294
2.0, 12.0 ,2.0,2.0,951.0,2.0,2.0,4.0,2.0,1.0,4.0,3.0,27.0,1.0,1.0,264.0,3.0,2.0,1.0, 2.0 , 0.0 ,264
2.0,24.0,2.0,0.0,1355.0,1.0,2.0,3.0,2.0,1.0,4.0,3.0,25.0,3.0,2.0,1.0,2.0,2.0,2.0,2.0,0.0,
1.0,48.0,2.0,4.0,3051.0,1.0,3.0,3.0,3.0,1.0,4.0,3.0,54.0,3.0,2.0,,3.0,NULL,1.0,2.0,0.0,66
4.0,36.0, 4.0 ,0.0,7855.0, 672.0 ,3.0, 4.0 ,2.0,1.0,2.0,1.0,25.0,2.0,2.0,2.0,3.0,2.0,2.0,2.0,0.0,
4.0,18.0,, 3.0 ,,1.0,1.0,3.0,2.0,2.0,4.0,1.0,22.0,3.0,1.0,invalid,3.0,2.0,1.0, 2.0 ,0.0,bad
4.0,36.0,3.0,9.0,9572.0,1.0,2.0,1.0,1.0,1.0,1.0,3.0,28.0,,2.0,2.0,3.0,2.0,1.0,2.0,0.0,595
2.0,24.0,1.0,6.0,1837.0,1.0,4.0,4.0,2.0,1.0,4.0,4.0,34.0,348.0,3.0,1.0,2.0,2.0,1.0,2.0,0.0,839
2.0,30.0,4.0,0.0,4249.0,1.0,1.0,4.0,4.0,1.0,2.0,3.0,28.0,3.0,2.0,2.0,4.0,2.0,1.0, 2.0 ,0.0,unknown
2.0,30.0,4.0,0.0,5234.0,1.0,1.0,4.0,4.0,1.0,2.0,3.0,28.0,3.0,2.0,2.0,4.0,2.0,1.0,2.0,0.0,258
1.0,48.0,2.0,3.0,6758.0,1.0,3.0,3.0,2.0,1.0,2.0,3.0,31.0,3.0,2.0,1.0,3.0,110.0,2.0,2.0,0.0,unknown
1.0,9.0,2.0,3.0,1366.0,1.0,2.0,3.0, 2.0 ,1.0,4.0,2.0,22.0,3.0,1.0,1.0,3.0,2.0,1.0,2.0,0.0,378
1.0,24.0,1.0,10.0, 1358.0 ,5.0,5.0,4.0, 3.0 ,1.0,3.0,3.0,40.0,2.0,?,1.0,4.0,2.0,2.0,2.0,0.0,334
1.0,18.0,2.0,2.0,2473.0,1.0,1.0,4.0,3.0,1.0,1.0,3.0,25.0,3.0,2.0,1.0,1.0,2.0, 1.0 ,2.0,0.0,668
3.0,9.0,0.0,3.0,1337.0,1.0,2.0,4.0,3.0,1.0,2.0,3.0,34.0,3.0, 2.0 , 2.0 ,4.0,2.0,2.0,2.0,0.0,798
1.0,48.0,2.0,0.0,7763.0,1.0, 5.0 ,4.0,3.0,1.0,4.0,4.0,42.0, 1.0 ,3.0,1.0,4.0,2.0,1.0,2.0, 0.0 ,unknown
2.0,15.0,1.0,0.0,1264.0,2.0,3.0,2.0,4.0,1.0,2.0,2.0, 25.0 ,3.0,1.0,1.0,3.0,2.0,1.0,2.0,0.0,381
2.0,15.0,2.0,0.0,2631.0,2.0,3.0,2.0,2.0,1.0,901.0, 3.0 ,28.0, 3.0 ,1.0,2.0,3.0,2.0,2.0,2.0,0.0,287
2.0,48.0,2.0,0.0,6560.0,2.0,4.0,3.0,3.0,1.0,2.0,76.0,24.0,3.0,2.0,1.0, 3.0 ,2.0,1.0,2.0,0.0,79
1.0,24.0,2.0,0.0,3123.0,1.0,2.0,4.0,2.0,1.0,1.0,2.0,27.0,3.0,2.0,1.0,3.0,2.0,1.0,2.0,0.0,bad
1.0,36.0,4.0,6.0,8065.0,1.0,3.0,3.0,2.0,1.0,2.0,4.0,25.0,3.0, 2.0 ,2.0,4.0,2.0,2.0,2.0,0.0,962
1.0,24.0,2.0,3.0, 2439.0 ,1.0,2.0,4.0,2.0,1.0,4.0, 1.0 ,35.0,3.0,2.0,1.0,3.0,2.0,2.0,2.0,0.0,unknown
2.0,36.0,2.0,2.0,9034.0,2.0,2.0,4.0,3.0,2.0,1.0,4.0,29.0,3.0,1.0,1.0,4.0,2.0,2.0,2.0,0.0,130
2.0,60.0,2.0,0.0,14027.0,1.0,4.0,4.0,3.0,1.0,2.0,4.0,27.0,3.0,2.0,1.0,4.0,2.0,2.0,2.0,0.0,unknown
1.0,36.0,4.0,1.0,9629.0,1.0,4.0,4.0,3.0,1.0,4.0,3.0,24.0,3.0,2.0, 2.0 ,3.0,2.0,2.0,2.0,0.0,unknown
2.0,12.0,2.0,3.0,1484.0,5.0,3.0, 2.0 ,4.0,1.0,1.0,1.0,25.0,3.0,2.0,1.0,3.0,2.0,2.0,2.0,0.0,bad
1.0, 18.0 ,2.0,2.0,1131.0,1.0,1.0,4.0,2.0,1.0,2.0,3.0,33.0,3.0,2.0,1.0,3.0,2.0,1.0,2.0,0.0,13
2.0,24.0,3.0,2.0,2064.0,1.0,1.0,3.0,2.0,1.0,2.0,2.0,34.0,3.0,2.0,1.0,4.0,2.0,2.0,2.0,0.0,bad
2.0,18.0, 2.0 ,1.0, 12976.0 ,1.0,1.0,3.0, 2.0 , 1.0 ,4.0,4.0,38.0,3.0,3.0,1.0,4.0,2.0,2.0, 2.0 ,0.0,364
4.0,21.0,3.0,9.0,2580.0,3.0,2.0,4.0,3.0,1.0,2.0,1.0,41.0,1.0,2.0,1.0,2.0,1.0,1.0,2.0, 0.0 ,
4.0,27.0,2.0,0.0,2570.0,1.0,3.0,3.0,2.0,?, 3.0 ,1.0,21.0,3.0,1.0,1.0,3.0,2.0,1.0,2.0, 0.0 ,bad
2.0,27.0,2.0,9.0,3915.0,1.0,3.0,4.0,3.0,1.0,2.0,3.0,36.0,3.0,2.0,1.0,3.0,1.0,2.0,2.0,0.0,241
4.0,10.0,2.0,0.0,1309.0,5.0,3.0,4.0,3.0,3.0,4.0,2.0,27.0,3.0,2.0,73.0,2.0,2.0,1.0,2.0,0.0,
1.0,24.0,2.0,0.0,4817.0,1.0,4.0,2.0,3.0,2.0,3.0,2.0,31.0,3.0,2.0,1.0,3.0,2.0,2.0,2.0,0.0,
1.0,12.0,2.0,0.0,2579.0,1.0,2.0,4.0,3.0,1.0,1.0,1.0,33.0,3.0,2.0,1.0,2.0,1.0,1.0,2.0,0.0,bad
2.0,36.0,3.0,0.0,2225.0,1.0,5.0,4.0,3.0,1.0,4.0,4.0,57.0,1.0,3.0,2.0,3.0,2.0,2.0,2.0, 0.0 ,659
1.0,18.0,2.0,2.0,4153.0,1.0,3.0,2.0,3.0,2.0,3.0,3.0,42.0,3.0,2.0,1.0,3.0,2.0,1.0,2.0,0.0,
1.0,18.0,0.0,2.0,3114.0,1.0,2.0,1.0,2.0,1.0,4.0,2.0,26.0,3.0,1.0,1.0,3.0,2.0,1.0,2.0,0.0,940
1.0,18.0,4.0,2.0,2124.0,1.0,3.0,4.0,2.0,1.0,4.0,1.0,24.0,3.0,1.0,2.0,3.0,2.0,1.0,2.0,0.0,unknown
1.0,18.0,1.0,2.0,1553.0,610.0,3.0,4.0,3.0,1.0,3.0,3.0,44.0,1.0,2.0,1.0,3.0,2.0,1.0,2.0,0.0,796
1.0,30.0,2.0,2.0,2406.0,1.0,4.0,4.0,2.0,1.0,4.0,1.0,23.0,3.0,1.0,1.0,3.0,2.0,invalid, 2.0 ,0.0,792
1.0,24.0,3.0,0.0,1333.0,1.0,1.0,4.0,3.0,1.0,2.0,1.0,43.0,3.0, 3.0 ,2.0,3.0,1.0,1.0,2.0,0.0,300
1.0,48.0,0.0,2.0,7119.0,1.0,3.0,3.0,3.0,1.0,4.0,4.0,53.0,3.0,3.0,2.0,3.0,1.0,1.0,2.0,0.0,bad
 1.0 ,24.0, 3.0 ,,4870.0,1.0,3.0, 3.0 ,3.0,1.0,4.0, 4.0 ,53.0,3.0,3.0,2.0,3.0,1.0,1.0,2.0,0.0,593
1.0,12.0,4.0,0.0,691.0,1.0,5.0,4.0,3.0,1.0,3.0,2.0,35.0,3.0,2.0,166.0,3.0,2.0,1.0,2.0,0.0,
1.0,42.0, 3.0 ,3.0,4370.0,1.0,4.0,3.0,3.0,1.0,2.0,2.0,26.0,1.0,2.0,2.0,3.0,1.0,2.0,2.0,0.0,bad
1.0,36.0,1.0,2.0,2746.0,1.0,5.0,4.0,3.0,1.0,4.0,3.0,31.0,1.0,2.0,1.0,3.0,2.0,1.0,2.0,0.0,336
 1.0 ,24.0,0.0,2.0,4110.0,1.0,5.0,3.0,3.0,1.0,4.0,invalid,23.0,1.0,1.0,2.0,3.0,1.0,1.0,2.0,0.0,unknown
error,18.0,2.0,2.0, 2462.0 ,1.0,3.0,2.0,3.0,1.0,2.0,3.0,22.0,3.0,2.0, 1.0 ,3.0,2.0,1.0,2.0,0.0,45
1.0,12.0,2.0,2.0,1282.0,1.0,,2.0,2.0,1.0,4.0,3.0,20.0,3.0, 1.0 ,1.0,3.0,2.0,1.0,2.0,0.0,446
2.0,12.0,0.0,2.0,2969.0,1.0,2.0,4.0, 2.0 ,1.0,3.0,2.0,25.0, 3.0 ,1.0,2.0,3.0,2.0,1.0,2.0,0.0,913
1.0,48.0,0.0,1.0,4605.0,1.0,5.0,,3.0,1.0,4.0,4.0,24.0,3.0,3.0,2.0,3.0,1.0,1.0,2.0,0.0,214
1.0,48.0, 4.0 ,1.0,6331.0,1.0,5.0,4.0,3.0,1.0,4.0, 4.0 ,46.0,3.0,3.0,2.0, 3.0 ,2.0,2.0,2.0,0.0,591
1.0,24.0,,2.0,3552.0,1.0,4.0,3.0,3.0, 1.0 ,4.0,3.0, 27.0 ,1.0,2.0,1.0,129.0,2.0,1.0,2.0,0.0,164
1.0,12.0,1.0,0.0,697.0,1.0,2.0,4.0,3.0,1.0,2.0,3.0,46.0,1.0,2.0,2.0,3.0,2.0,2.0,2.0,0.0,631
1.0,24.0,2.0,0.0,1442.0,1.0,4.0, 4.0 ,2.0,1.0,4.0,3.0,23.0,3.0,1.0,2.0,3.0,2.0,1.0, 2.0 ,0.0,184
1.0, 27.0 ,0.0,9.0, 5293.0 ,, 1.0 ,2.0,3.0,1.0,4.0,2.0,50.0,3.0,2.0,2.0,3.0,2.0,2.0,2.0,0.0,unknown
1.0,21.0,3.0,6.0,3414.0,1.0,2.0,2.0,3.0,1.0,1.0,2.0,26.0,2.0, 2.0 ,2.0,3.0,2.0,1.0,2.0,0.0,808
1.0,18.0,2.0,2.0,2039.0,1.0,3.0,1.0,2.0,1.0,4.0,1.0,20.0,3.0,1.0,1.0,3.0,2.0,1.0,2.0,0.0,
1.0, 24.0 ,1.0,9.0,3161.0,1.0,3.0,4.0, 3.0 ,1.0,2.0,2.0,31.0,1.0,,1.0,3.0,2.0, 2.0 ,2.0,0.0,
1.0,12.0,2.0,8.0,902.0,1.0, 4.0 ,4.0,4.0,1.0,4.0,2.0,21.0,3.0,1.0,1.0,3.0,2.0,1.0,2.0,N/A,unknown
1.0,48.0,2.0,1.0,10297.0,1.0,4.0,4.0,3.0,1.0,4.0, 4.0 , 39.0 , 3.0 ,3.0,3.0,3.0,1.0,2.0,2.0,0.0,83
2.0,48.0,0.0,9.0,14421.0,1.0,3.0,2.0,3.0,1.0,2.0,3.0,25.0,2.0,2.0,1.0, 3.0 ,2.0,2.0,2.0,0.0,168
2.0,18.0,4.0,0.0,1056.0,1.0,5.0,3.0,3.0,3.0,3.0,1.0,30.0,3.0,2.0,2.0, 3.0 ,2.0,1.0,2.0,0.0,
1.0,12.0,2.0,0.0,1274.0,1.0,2.0,3.0,2.0,1.0,1.0,1.0,37.0,1.0,2.0,1.0,2.0,2.0,1.0,2.0,0.0,bad
2.0,12.0,2.0,0.0,1223.0,1.0,5.0,1.0,1.0,1.0,1.0,1.0,46.0,3.0,1.0,2.0,3.0,2.0,1.0,2.0, 0.0 ,unknown
1.0, 12.0 ,2.0,0.0,1372.0,1.0,4.0,2.0,1.0,1.0,3.0,3.0,36.0,931.0,2.0,1.0,3.0,2.0,1.0,2.0,0.0,241
1.0,16.0,4.0,0.0,2625.0,1.0,5.0,2.0,3.0,3.0,4.0,2.0,43.0,3.0,1.0,1.0,3.0,607.0, 2.0 ,1.0,0.0,356
1.0,20.0,4.0,0.0,2235.0,1.0,3.0,4.0,4.0,3.0,2.0,2.0,33.0,1.0,1.0,2.0,3.0,2.0,1.0,1.0,0.0,44
2.0,9.0,2.0,2.0,959.0,1.0,3.0,1.0,2.0,,2.0,3.0,29.0,1.0,2.0,1.0,3.0,2.0,1.0,2.0,0.0,714
2.0,18.0,4.0,0.0,884.0,1.0,5.0, 4.0 ,3.0,46.0,4.0,3.0,36.0,3.0,2.0,1.0,N/A,1.0,2.0,2.0,0.0,bad
2.0,24.0,2.0,0.0, 1246.0 ,1.0,2.0, 4.0 ,3.0,1.0,2.0,1.0,23.0,1.0,2.0,1.0,2.0,2.0,1.0,2.0,0.0,45
2.0,36.0,3.0,0.0,8086.0,992.0,5.0,2.0,3.0,1.0,4.0,3.0,42.0,2.0,2.0,4.0,4.0,2.0,2.0,2.0,0.0,464
4.0, 48.0 ,4.0,0.0,10127.0,3.0,3.0,2.0,,1.0,2.0,4.0,44.0,3.0,3.0,1.0,3.0, 2.0 ,1.0,2.0,0.0,218
2.0,12.0,2.0,0.0,888.0,1.0,5.0,4.0,3.0,1.0,4.0,3.0,41.0,1.0,2.0,1.0,2.0,521.0,1.0,2.0,0.0,421
4.0,12.0,NULL,6.0,719.0,1.0,5.0,4.0,3.0,1.0,4.0,3.0,41.0,1.0,2.0,1.0,2.0,1.0,1.0,2.0,0.0,284
2.0,36.0,2.0,0.0,12389.0,5.0,3.0, 1.0 ,3.0,98.0,4.0,4.0,37.0,1.0,3.0,1.0,3.0,2.0,2.0,2.0,0.0,784
1.0,12.0,477.0,3.0,709.0,1.0,5.0,4.0,3.0,1.0,4.0,1.0,57.0,3.0,2.0,1.0,2.0,2.0,1.0,2.0,0.0,57
2.0,15.0,1.0,0.0,6850.0,2.0,1.0,1.0,3.0,1.0,2.0,2.0,34.0,2.0,2.0,409.0,4.0,1.0,2.0,2.0,0.0,599
4.0,10.0,2.0,2.0,2210.0,1.0,3.0,2.0,3.0,1.0,2.0,1.0,25.0,3.0,1.0,1.0,2.0,2.0,1.0,2.0,0.0,
4.0,30.0,1.0,1.0, 7485.0 ,5.0,1.0,4.0,2.0,1.0, 1.0 ,1.0,53.0,1.0,2.0,1.0,4.0,2.0,2.0,2.0,0.0,1
1.0,18.0,1.0,0.0,1442.0,1.0,4.0,4.0,3.0,1.0,4.0,4.0,32.0,1.0,3.0,2.0,2.0,1.0,1.0,2.0,0.0,904
4.0,12.0,4.0,3.0,797.0, 5.0 ,5.0,4.0,2.0,1.0,3.0,2.0,33.0,3.0,2.0,1.0,2.0,1.0,1.0,2.0,0.0,
2.0,45.0,4.0,3.0,4746.0,1.0,2.0,4.0,3.0,1.0,2.0,2.0,24.0,1.0,2.0,2.0, 2.0 ,2.0,1.0,2.0,0.0,279
3.0,12.0,645.0,0.0,939.0,NULL,4.0,4.0,4.0,1.0,2.0,1.0, 28.0 ,3.0,2.0,3.0,3.0,2.0,2.0,2.0,138.0,482
2.0,21.0,2.0,9.0,1188.0,1.0,5.0,2.0,2.0,1.0,4.0,2.0,39.0,3.0,2.0,1.0,3.0,1.0,1.0,2.0,0.0,680
4.0,48.0,4.0,1.0,11590.0,2.0,3.0,2.0,2.0,1.0,4.0,3.0,24.0,3.0,1.0, 2.0 ,2.0,2.0,1.0,2.0,0.0,unknown
3.0,12.0,1.0,9.0, 609.0 ,1.0,2.0,4.0, 2.0 ,1.0,1.0, 1.0 ,26.0,1.0,2.0,1.0,1.0,2.0,1.0,2.0,0.0,756
1.0,18.0,4.0,5.0,1190.0,1.0,1.0,2.0,2.0,1.0,4.0,4.0,55.0,3.0,3.0,3.0,1.0, 1.0 ,1.0,2.0,0.0,unknown
2.0,21.0,2.0,9.0,2767.0,2.0,5.0,4.0,1.0,1.0,2.0,3.0,61.0, 3.0 ,1.0,,2.0,2.0,1.0,2.0,0.0,358
2.0,30.0,2.0,2.0,3441.0,2.0, 3.0 ,2.0,2.0,2.0,4.0,3.0,21.0,1.0,1.0,1.0,3.0,2.0,1.0,2.0,0.0,109
2.0,30.0,0.0,9.0,4280.0,2.0,3.0,4.0,2.0,1.0,4.0,3.0,26.0,3.0,1.0,2.0, 2.0 ,2.0,1.0,2.0,0.0,431
2.0,24.0,2.0,3.0,3092.0,2.0,2.0,3.0,4.0,1.0,2.0,,22.0,3.0,1.0,1.0,3.0,2.0,2.0,2.0,0.0,bad
4.0,18.0,2.0,0.0,6761.0,5.0,3.0,2.0,3.0,1.0,4.0,3.0,68.0,2.0,1.0,2.0,3.0, 2.0 ,1.0,2.0,0.0,775
2.0,12.0,2.0,3.0,1331.0,1.0,2.0,2.0,3.0,1.0,1.0,3.0,22.0,3.0,2.0,1.0,3.0,2.0,1.0,2.0, 0.0 ,282
2.0,54.0,0.0,9.0,15945.0, 1.0 ,2.0, 3.0 ,3.0,1.0,4.0,4.0,58.0,3.0,1.0,1.0,3.0,2.0,2.0,2.0, 0.0 ,
1.0,24.0,2.0,2.0,3234.0,1.0,2.0,4.0,2.0,1.0,4.0,1.0,23.0,3.0,1.0,1.0, 2.0 ,2.0,2.0,2.0,0.0,36
2.0,15.0,2.0,3.0,802.0,1.0,5.0,4.0, 3.0 ,1.0,3.0,3.0,37.0, 3.0 ,2.0,1.0,3.0,1.0,1.0,2.0,0.0,580
2.0,48.0,2.0,2.0, 9960.0 ,1.0,2.0,1.0, 2.0 ,1.0,2.0,3.0,26.0,1.0,2.0,1.0,3.0,2.0,2.0,2.0,0.0,
4.0,24.0,3.0,9.0,8648.0,1.0,2.0,2.0,3.0,1.0,2.0,3.0,27.0,1.0,2.0,2.0,3.0,2.0,2.0,2.0,0.0,694
 1.0 ,18.0, 2.0 ,3.0,1345.0,240.0,3.0,4.0,4.0,1.0,566.0,1.0,26.0,3.0,2.0,1.0,3.0,2.0,1.0,2.0,0.0,283
1.0,45.0,2.0,3.0,1845.0,1.0, 3.0 ,4.0,3.0,1.0,4.0,4.0,23.0,3.0,3.0,1.0,3.0,2.0, 2.0 ,2.0,0.0,
1.0,21.0,1.0,0.0,1647.0,5.0,3.0,4.0,3.0,1.0,2.0,2.0,40.0,1.0,2.0,2.0,2.0, 1.0 ,1.0,2.0,0.0,1
4.0,48.0,2.0,9.0,4844.0,1.0,1.0,3.0, 3.0 ,1.0,2.0,3.0,33.0,3.0,1.0,1.0,4.0,2.0,2.0,2.0,0.0,815
2.0,27.0,0.0,9.0,8318.0,1.0,5.0,2.0,2.0,1.0,4.0,4.0,42.0,2.0,3.0,2.0,4.0,578.0,2.0,2.0,0.0,492
3.0, 18.0 ,2.0,3.0,2100.0,1.0,3.0,4.0,3.0,2.0,2.0,1.0,37.0,3.0,2.0,1.0,3.0,2.0,1.0,2.0,0.0,515
1.0,45.0,0.0,9.0,11816.0,1.0,5.0, 2.0 ,3.0,1.0,4.0,3.0,29.0,3.0,1.0,2.0,3.0,2.0,1.0,2.0,0.0,311
1.0,6.0,2.0,6.0,448.0,1.0,2.0,4.0,2.0,1.0,4.0,2.0,23.0,3.0,2.0,1.0,3.0,2.0,1.0,2.0,0.0,391
 1.0 , 30.0 ,2.0,5.0,11998.0,1.0,2.0,1.0,1.0,1.0,1.0,4.0,34.0,1.0,2.0,1.0,2.0,2.0,2.0,2.0,0.0,434
2.0,48.0,0.0,10.0,18424.0,1.0,3.0,1.0,2.0,1.0,2.0,2.0,32.0,1.0,2.0,1.0,4.0,2.0,2.0,1.0,0.0,311
1.0,6.0,2.0,0.0,14896.0,1.0,5.0,1.0,3.0,1.0,4.0,4.0,68.0,1.0, 2.0 ,1.0,4.0,2.0,2.0,2.0,0.0,11
2.0,12.0,2.0,2.0,2762.0,5.0,5.0,1.0,2.0,1.0,98.0,2.0,25.0,3.0, 2.0 ,1.0,3.0,2.0,2.0,,0.0,400
1.0,12.0,389.0, 1.0 ,3386.0,1.0,5.0,3.0,3.0,1.0,4.0,4.0,35.0,3.0,3.0,1.0,3.0,2.0,2.0,2.0,0.0,401
2.0,24.0,2.0,3.0, 2039.0 ,1.0,2.0,1.0,4.0,1.0,1.0,2.0,22.0,3.0,2.0,1.0,3.0, 2.0 ,2.0,2.0,0.0,
4.0,18.0,,9.0,2169.0,1.0,3.0,4.0,4.0,1.0,604.0,3.0,28.0,3.0,2.0,1.0,3.0,2.0,2.0,2.0,0.0,470
2.0,48.0,4.0, 2.0 ,5096.0, 1.0 ,3.0,2.0,2.0,1.0,3.0,3.0,30.0,3.0,2.0,1.0, 4.0 ,2.0,2.0,2.0,0.0,549
1.0,18.0,2.0,3.0,1882.0,1.0,3.0,4.0,2.0,1.0, 4.0 ,3.0,25.0,1.0,1.0,2.0,3.0,2.0,1.0,2.0,0.0,
 1.0 ,48.0,2.0,3.0,6999.0,1.0,4.0,1.0,4.0,3.0,1.0,1.0,34.0,3.0,2.0,2.0,3.0,2.0,2.0,2.0,0.0,424
4.0,12.0,4.0,9.0,2292.0,1.0,1.0,4.0,3.0,1.0,2.0,3.0,42.0,2.0,2.0,2.0,4.0,2.0,2.0,2.0,0.0,
1.0,14.0,40.0,0.0,8978.0, 1.0 ,5.0,1.0,1.0,1.0,4.0,2.0,45.0,3.0,2.0,1.0,,2.0, 2.0 , 1.0 ,0.0,675
1.0,12.0,2.0,3.0,674.0,2.0,4.0,4.0,4.0,1.0,1.0,2.0,20.0,3.0,2.0,N/A,3.0,2.0,1.0,2.0,0.0,991
1.0,18.0,2.0,0.0,976.0,1.0, 2.0 ,1.0,2.0, 1.0 ,2.0,3.0,23.0,3.0,,1.0,2.0,2.0,1.0,2.0,0.0,496
2.0,24.0,2.0,0.0,2718.0,1.0,3.0,3.0,2.0,1.0,4.0,2.0,20.0,3.0,1.0,1.0,2.0, 2.0 ,2.0,2.0,0.0,27
1.0,18.0,2.0,6.0,750.0,1.0,1.0,4.0,2.0,1.0,1.0,1.0,,3.0,2.0,1.0,1.0,2.0,1.0,2.0,0.0,unknown
2.0,24.0,2.0,1.0,12579.0, 1.0 ,5.0,4.0,2.0,1.0,2.0,4.0,44.0, 3.0 ,3.0,1.0,4.0,2.0,2.0,2.0,0.0,396
1.0,18.0,2.0,1.0,7511.0, 5.0 ,5.0, 1.0 ,3.0,1.0,4.0,2.0,51.0,3.0,3.0,1.0,3.0,1.0,2.0,2.0,0.0,bad
1.0, 18.0 ,4.0,0.0,3966.0,1.0,5.0,1.0,2.0,1.0,4.0,1.0,33.0,1.0,1.0,3.0, 3.0 ,2.0,2.0,2.0,0.0,unknown
1.0,12.0,0.0,3.0,6199.0,1.0,3.0,4.0,3.0,1.0,2.0,2.0,28.0,3.0,1.0,2.0,3.0,2.0,2.0,2.0,0.0,unknown
1.0,24.0,2.0,3.0,1987.0,1.0,3.0,2.0,3.0,1.0,4.0, 1.0 ,21.0,3.0,1.0,1.0, 2.0 ,1.0,1.0,2.0,0.0,625
1.0,24.0,2.0,0.0,2303.0,1.0,5.0,4.0,3.0,2.0,1.0,1.0,45.0,3.0,2.0,1.0,3.0,2.0,1.0,2.0,0.0,
4.0,21.0,4.0,0.0,12680.0,5.0,5.0,4.0,3.0,1.0,4.0,4.0,30.0,3.0,3.0,1.0,4.0,2.0,2.0,2.0,0.0,
2.0,12.0,2.0,3.0,6468.0,5.0,1.0,2.0,3.0,1.0,1.0,4.0,52.0,3.0,2.0,1.0,4.0,2.0,2.0,2.0,0.0,688
 1.0 ,30.0,709.0,2.0,6350.0,5.0,5.0,4.0,3.0,1.0,4.0, 2.0 ,31.0,3.0,2.0,1.0,3.0,2.0,1.0,2.0,0.0,bad
2.0,48.0,2.0,3.0,3060.0,1.0,4.0,4.0,3.0,1.0,4.0,1.0,28.0, 3.0 ,2.0,2.0,3.0,2.0,1.0,2.0,0.0,751
4.0,9.0,4.0,6.0,1244.0,5.0,5.0,4.0,2.0,1.0,4.0,2.0,41.0,3.0,1.0,2.0,2.0,2.0,1.0,2.0,1.0,bad
 4.0 ,48.0,1.0,9.0,3609.0,1.0,3.0,1.0,2.0,1.0,1.0,1.0,27.0,2.0,2.0,1.0,3.0,2.0,1.0,2.0,,704
1.0,18.0,2.0,3.0,1345.0,1.0,3.0,4.0,4.0,1.0,3.0,1.0,26.0,3.0, 2.0 ,1.0,3.0, 2.0 ,1.0,2.0,0.0,76
4.0,18.0,446.0, null ,6458.0, 1.0 ,5.0,2.0,3.0,1.0,4.0,4.0,39.0,1.0,2.0,2.0,4.0, 1.0 ,2.0,2.0,0.0,402
1.0,24.0,4.0,0.0,1199.0,1.0,5.0,4.0,3.0,1.0,4.0,3.0,60.0,3.0,2.0,2.0,2.0,2.0,1.0,2.0,0.0,275
4.0,6.0,2.0,2.0, 2978.0 ,3.0,3.0,1.0,3.0,1.0,2.0,3.0,32.0,3.0,2.0,1.0,3.0,2.0,2.0,2.0,1.0,890
4.0,36.0,3.0,3.0,4454.0,1.0,3.0,4.0,2.0,1.0,4.0,1.0,34.0,3.0, 2.0 ,2.0,3.0,2.0,1.0, 2.0 ,1.0,583
1.0,48.0,4.0,1.0,6143.0,1.0,5.0,4.0,2.0,1.0,4.0,4.0,58.0,2.0,3.0,2.0,2.0,2.0,1.0,2.0,0.0,
4.0,6.0,2.0,6.0,1538.0,1.0,2.0,1.0,2.0,1.0,2.0,4.0,56.0,3.0,2.0,1.0,3.0, 2.0 ,1.0,2.0,1.0,522
2.0,39.0,3.0,6.0,11760.0,2.0,4.0,2.0, 3.0 ,1.0,3.0,4.0,32.0,3.0,1.0,1.0,3.0, 2.0 ,2.0,2.0,1.0,682
4.0, 15.0 ,4.0,2.0,1520.0,5.0,5.0,4.0,3.0,1.0,4.0,2.0,63.0,3.0,2.0,1.0,3.0,2.0,1.0,N/A,1.0,762
2.0,,2.0,3.0,766.0,3.0,3.0, 4.0 ,3.0,1.0,3.0,1.0,66.0,3.0,?,1.0,2.0,2.0,1.0,2.0,0.0,201
 2.0 ,30.0,3.0,3.0,1919.0,2.0,2.0,4.0,3.0,1.0,3.0, 4.0 ,30.0,2.0,2.0, 2.0 ,4.0,2.0,1.0,2.0,0.0,993
1.0,9.0,2.0,3.0,1364.0,1.0,4.0,3.0,3.0,1.0,4.0, 1.0 ,59.0,3.0,2.0,1.0,48.0,2.0,1.0,2.0,1.0,761
2.0,42.0,1.0,1.0,9283.0,1.0,1.0,1.0,invalid,1.0,2.0,4.0,55.0,1.0,3.0,1.0,4.0,2.0,2.0,2.0,1.0,unknown
2.0,36.0,2.0,0.0,14318.0,1.0,5.0,4.0,3.0,1.0,2.0,4.0,57.0,3.0,3.0,1.0,4.0,2.0,,2.0,0.0,bad
4.0,12.0,3.0,5.0,1555.0,4.0,5.0,4.0,3.0,1.0,4.0,4.0,55.0,3.0,3.0,2.0,3.0,1.0,1.0,2.0,0.0,
3.0,18.0,2.0, 2.0 ,3049.0,1.0,2.0, 1.0 ,2.0,1.0,1.0,2.0,45.0,2.0,2.0,1.0,2.0,2.0,1.0,2.0,1.0,bad
4.0,36.0,2.0,2.0,10974.0,1.0,1.0,4.0,2.0,1.0,2.0,3.0,26.0,3.0,2.0,2.0,4.0,2.0,2.0,2.0,0.0,bad
